,county,year,totalPopulation
0,Adams,1990,265709
1,Adams,1991,273620
2,Adams,1992,281386
3,Adams,1993,290782
4,Adams,1994,300793
5,Adams,1995,312587
6,Adams,1996,323039
7,Adams,1997,332750
8,Adams,1998,344025
9,Adams,1999,355309
10,Adams,2000,351734
11,Adams,2001,359441
12,Adams,2002,371182
13,Adams,2003,377669
14,Adams,2004,385940
15,Adams,2005,395381
16,Adams,2006,407588
17,Adams,2007,415917
18,Adams,2008,425134
19,Adams,2009,436321
20,Adams,2010,443711
21,Adams,2011,452207
22,Adams,2012,460544
23,Adams,2013,470000
24,Adams,2014,480071
25,Adams,2015,490559
26,Adams,2016,498002
27,Adams,2017,503894
28,Adams,2018,511704
29,Adams,2019,517881
30,Adams,2020,524263
31,Adams,2021,530110
32,Adams,2022,536155
33,Adams,2023,542213
34,Adams,2024,549838
35,Adams,2025,558030
36,Adams,2026,568454
37,Adams,2027,579299
38,Adams,2028,590229
39,Adams,2029,601225
40,Adams,2030,612288
41,Adams,2031,623401
42,Adams,2032,634542
43,Adams,2033,645705
44,Adams,2034,656646
45,Adams,2035,667563
46,Adams,2036,678428
47,Adams,2037,689234
48,Adams,2038,699973
49,Adams,2039,710624
50,Adams,2040,721184
51,Adams,2041,731640
52,Adams,2042,741996
53,Adams,2043,752250
54,Adams,2044,762409
55,Adams,2045,772481
56,Adams,2046,782488
57,Adams,2047,792440
58,Adams,2048,802344
59,Adams,2049,812222
60,Adams,2050,822079
61,Alamosa,1990,13617
62,Alamosa,1991,13641
63,Alamosa,1992,13572
64,Alamosa,1993,13656
65,Alamosa,1994,13826
66,Alamosa,1995,14103
67,Alamosa,1996,14319
68,Alamosa,1997,14478
69,Alamosa,1998,14621
70,Alamosa,1999,14825
71,Alamosa,2000,15097
72,Alamosa,2001,15230
73,Alamosa,2002,15271
74,Alamosa,2003,15358
75,Alamosa,2004,15412
76,Alamosa,2005,15391
77,Alamosa,2006,15353
78,Alamosa,2007,15294
79,Alamosa,2008,15345
80,Alamosa,2009,15305
81,Alamosa,2010,15474
82,Alamosa,2011,15668
83,Alamosa,2012,15644
84,Alamosa,2013,15748
85,Alamosa,2014,15772
86,Alamosa,2015,15871
87,Alamosa,2016,16037
88,Alamosa,2017,16092
89,Alamosa,2018,16229
90,Alamosa,2019,16179
91,Alamosa,2020,16240
92,Alamosa,2021,16357
93,Alamosa,2022,16554
94,Alamosa,2023,16753
95,Alamosa,2024,16962
96,Alamosa,2025,17187
97,Alamosa,2026,17409
98,Alamosa,2027,17596
99,Alamosa,2028,17766
100,Alamosa,2029,17942
101,Alamosa,2030,18114
102,Alamosa,2031,18287
103,Alamosa,2032,18464
104,Alamosa,2033,18642
105,Alamosa,2034,18816
106,Alamosa,2035,18998
107,Alamosa,2036,19184
108,Alamosa,2037,19367
109,Alamosa,2038,19546
110,Alamosa,2039,19723
111,Alamosa,2040,19895
112,Alamosa,2041,20072
113,Alamosa,2042,20250
114,Alamosa,2043,20417
115,Alamosa,2044,20579
116,Alamosa,2045,20752
117,Alamosa,2046,20909
118,Alamosa,2047,21063
119,Alamosa,2048,21225
120,Alamosa,2049,21391
121,Alamosa,2050,21546
122,Arapahoe,1990,393289
123,Arapahoe,1991,403200
124,Arapahoe,1992,417678
125,Arapahoe,1993,427474
126,Arapahoe,1994,436413
127,Arapahoe,1995,442542
128,Arapahoe,1996,451067
129,Arapahoe,1997,459061
130,Arapahoe,1998,472406
131,Arapahoe,1999,481307
132,Arapahoe,2000,490722
133,Arapahoe,2001,501667
134,Arapahoe,2002,510500
135,Arapahoe,2003,516352
136,Arapahoe,2004,523717
137,Arapahoe,2005,528217
138,Arapahoe,2006,536049
139,Arapahoe,2007,545876
140,Arapahoe,2008,556252
141,Arapahoe,2009,566477
142,Arapahoe,2010,574819
143,Arapahoe,2011,585941
144,Arapahoe,2012,596499
145,Arapahoe,2013,608262
146,Arapahoe,2014,618831
147,Arapahoe,2015,630595
148,Arapahoe,2016,638512
149,Arapahoe,2017,644086
150,Arapahoe,2018,651712
151,Arapahoe,2019,656823
152,Arapahoe,2020,662059
153,Arapahoe,2021,668237
154,Arapahoe,2022,674802
155,Arapahoe,2023,681638
156,Arapahoe,2024,688912
157,Arapahoe,2025,696535
158,Arapahoe,2026,704069
159,Arapahoe,2027,711836
160,Arapahoe,2028,719588
161,Arapahoe,2029,727043
162,Arapahoe,2030,734436
163,Arapahoe,2031,741765
164,Arapahoe,2032,749015
165,Arapahoe,2033,756145
166,Arapahoe,2034,763164
167,Arapahoe,2035,770070
168,Arapahoe,2036,776871
169,Arapahoe,2037,783571
170,Arapahoe,2038,790151
171,Arapahoe,2039,796448
172,Arapahoe,2040,802299
173,Arapahoe,2041,807707
174,Arapahoe,2042,812639
175,Arapahoe,2043,817326
176,Arapahoe,2044,821775
177,Arapahoe,2045,825978
178,Arapahoe,2046,829937
179,Arapahoe,2047,832966
180,Arapahoe,2048,835821
181,Arapahoe,2049,838530
182,Arapahoe,2050,841109
183,Archuleta,1990,5352
184,Archuleta,1991,5624
185,Archuleta,1992,5888
186,Archuleta,1993,6183
187,Archuleta,1994,6538
188,Archuleta,1995,7110
189,Archuleta,1996,7929
190,Archuleta,1997,8528
191,Archuleta,1998,9133
192,Archuleta,1999,9570
193,Archuleta,2000,10042
194,Archuleta,2001,10464
195,Archuleta,2002,10695
196,Archuleta,2003,10965
197,Archuleta,2004,11169
198,Archuleta,2005,11402
199,Archuleta,2006,11800
200,Archuleta,2007,12104
201,Archuleta,2008,12070
202,Archuleta,2009,11900
203,Archuleta,2010,12060
204,Archuleta,2011,12035
205,Archuleta,2012,12151
206,Archuleta,2013,12232
207,Archuleta,2014,12250
208,Archuleta,2015,12409
209,Archuleta,2016,12836
210,Archuleta,2017,13311
211,Archuleta,2018,13737
212,Archuleta,2019,13999
213,Archuleta,2020,14147
214,Archuleta,2021,14295
215,Archuleta,2022,14425
216,Archuleta,2023,14573
217,Archuleta,2024,14724
218,Archuleta,2025,14883
219,Archuleta,2026,15068
220,Archuleta,2027,15329
221,Archuleta,2028,15614
222,Archuleta,2029,15930
223,Archuleta,2030,16285
224,Archuleta,2031,16674
225,Archuleta,2032,17073
226,Archuleta,2033,17478
227,Archuleta,2034,17874
228,Archuleta,2035,18277
229,Archuleta,2036,18673
230,Archuleta,2037,19077
231,Archuleta,2038,19469
232,Archuleta,2039,19865
233,Archuleta,2040,20257
234,Archuleta,2041,20647
235,Archuleta,2042,21033
236,Archuleta,2043,21417
237,Archuleta,2044,21794
238,Archuleta,2045,22171
239,Archuleta,2046,22539
240,Archuleta,2047,22913
241,Archuleta,2048,23277
242,Archuleta,2049,23639
243,Archuleta,2050,24008
244,Baca,1990,4556
245,Baca,1991,4438
246,Baca,1992,4298
247,Baca,1993,4325
248,Baca,1994,4387
249,Baca,1995,4432
250,Baca,1996,4524
251,Baca,1997,4560
252,Baca,1998,4531
253,Baca,1999,4522
254,Baca,2000,4500
255,Baca,2001,4445
256,Baca,2002,4315
257,Baca,2003,4257
258,Baca,2004,4163
259,Baca,2005,4100
260,Baca,2006,4086
261,Baca,2007,3998
262,Baca,2008,3903
263,Baca,2009,3816
264,Baca,2010,3795
265,Baca,2011,3761
266,Baca,2012,3712
267,Baca,2013,3650
268,Baca,2014,3584
269,Baca,2015,3547
270,Baca,2016,3520
271,Baca,2017,3542
272,Baca,2018,3554
273,Baca,2019,3561
274,Baca,2020,3523
275,Baca,2021,3498
276,Baca,2022,3466
277,Baca,2023,3435
278,Baca,2024,3413
279,Baca,2025,3380
280,Baca,2026,3354
281,Baca,2027,3323
282,Baca,2028,3305
283,Baca,2029,3277
284,Baca,2030,3249
285,Baca,2031,3219
286,Baca,2032,3200
287,Baca,2033,3174
288,Baca,2034,3147
289,Baca,2035,3124
290,Baca,2036,3102
291,Baca,2037,3080
292,Baca,2038,3063
293,Baca,2039,3045
294,Baca,2040,3021
295,Baca,2041,3000
296,Baca,2042,2981
297,Baca,2043,2962
298,Baca,2044,2943
299,Baca,2045,2930
300,Baca,2046,2910
301,Baca,2047,2892
302,Baca,2048,2877
303,Baca,2049,2859
304,Baca,2050,2839
305,Bent,1990,5048
306,Bent,1991,4965
307,Bent,1992,5037
308,Bent,1993,5357
309,Bent,1994,5401
310,Bent,1995,5555
311,Bent,1996,5625
312,Bent,1997,5643
313,Bent,1998,6001
314,Bent,1999,6001
315,Bent,2000,5966
316,Bent,2001,5878
317,Bent,2002,6205
318,Bent,2003,6658
319,Bent,2004,6362
320,Bent,2005,6262
321,Bent,2006,6076
322,Bent,2007,5770
323,Bent,2008,6010
324,Bent,2009,6484
325,Bent,2010,6506
326,Bent,2011,6334
327,Bent,2012,5827
328,Bent,2013,5745
329,Bent,2014,5776
330,Bent,2015,5873
331,Bent,2016,5636
332,Bent,2017,5835
333,Bent,2018,5818
334,Bent,2019,5796
335,Bent,2020,5377
336,Bent,2021,5359
337,Bent,2022,5353
338,Bent,2023,5331
339,Bent,2024,5325
340,Bent,2025,5315
341,Bent,2026,5290
342,Bent,2027,5300
343,Bent,2028,5287
344,Bent,2029,5279
345,Bent,2030,5277
346,Bent,2031,5271
347,Bent,2032,5263
348,Bent,2033,5252
349,Bent,2034,5246
350,Bent,2035,5238
351,Bent,2036,5230
352,Bent,2037,5225
353,Bent,2038,5213
354,Bent,2039,5212
355,Bent,2040,5202
356,Bent,2041,5200
357,Bent,2042,5193
358,Bent,2043,5183
359,Bent,2044,5180
360,Bent,2045,5177
361,Bent,2046,5173
362,Bent,2047,5169
363,Bent,2048,5164
364,Bent,2049,5168
365,Bent,2050,5156
366,Boulder,1990,226022
367,Boulder,1991,230977
368,Boulder,1992,238392
369,Boulder,1993,247282
370,Boulder,1994,252726
371,Boulder,1995,257502
372,Boulder,1996,261769
373,Boulder,1997,266064
374,Boulder,1998,274121
375,Boulder,1999,283928
376,Boulder,2000,276254
377,Boulder,2001,283508
378,Boulder,2002,284434
379,Boulder,2003,282761
380,Boulder,2004,283288
381,Boulder,2005,282913
382,Boulder,2006,286134
383,Boulder,2007,288754
384,Boulder,2008,291826
385,Boulder,2009,293641
386,Boulder,2010,295605
387,Boulder,2011,300243
388,Boulder,2012,305314
389,Boulder,2013,310054
390,Boulder,2014,313085
391,Boulder,2015,318934
392,Boulder,2016,322199
393,Boulder,2017,323373
394,Boulder,2018,325629
395,Boulder,2019,327164
396,Boulder,2020,328352
397,Boulder,2021,329410
398,Boulder,2022,330489
399,Boulder,2023,331642
400,Boulder,2024,333473
401,Boulder,2025,335557
402,Boulder,2026,338648
403,Boulder,2027,342309
404,Boulder,2028,345974
405,Boulder,2029,349636
406,Boulder,2030,353075
407,Boulder,2031,356498
408,Boulder,2032,359890
409,Boulder,2033,363247
410,Boulder,2034,366561
411,Boulder,2035,369813
412,Boulder,2036,373013
413,Boulder,2037,376147
414,Boulder,2038,379210
415,Boulder,2039,382196
416,Boulder,2040,385114
417,Boulder,2041,387946
418,Boulder,2042,390692
419,Boulder,2043,393349
420,Boulder,2044,395912
421,Boulder,2045,398376
422,Boulder,2046,400766
423,Boulder,2047,403083
424,Boulder,2048,405332
425,Boulder,2049,407527
426,Boulder,2050,409677
427,Broomfield,1990,0
428,Broomfield,1991,0
429,Broomfield,1992,0
430,Broomfield,1993,0
431,Broomfield,1994,0
432,Broomfield,1995,0
433,Broomfield,1996,0
434,Broomfield,1997,0
435,Broomfield,1998,0
436,Broomfield,1999,0
437,Broomfield,2000,38545
438,Broomfield,2001,41386
439,Broomfield,2002,42430
440,Broomfield,2003,44957
441,Broomfield,2004,46403
442,Broomfield,2005,48250
443,Broomfield,2006,51151
444,Broomfield,2007,53333
445,Broomfield,2008,54399
446,Broomfield,2009,55378
447,Broomfield,2010,56107
448,Broomfield,2011,57381
449,Broomfield,2012,58864
450,Broomfield,2013,60056
451,Broomfield,2014,61670
452,Broomfield,2015,64779
453,Broomfield,2016,66450
454,Broomfield,2017,68180
455,Broomfield,2018,69591
456,Broomfield,2019,70763
457,Broomfield,2020,71877
458,Broomfield,2021,73186
459,Broomfield,2022,75028
460,Broomfield,2023,77043
461,Broomfield,2024,79112
462,Broomfield,2025,81467
463,Broomfield,2026,84025
464,Broomfield,2027,86686
465,Broomfield,2028,88881
466,Broomfield,2029,90577
467,Broomfield,2030,91871
468,Broomfield,2031,92738
469,Broomfield,2032,93326
470,Broomfield,2033,93871
471,Broomfield,2034,94377
472,Broomfield,2035,94830
473,Broomfield,2036,95249
474,Broomfield,2037,95586
475,Broomfield,2038,95864
476,Broomfield,2039,96109
477,Broomfield,2040,96304
478,Broomfield,2041,96446
479,Broomfield,2042,96553
480,Broomfield,2043,96616
481,Broomfield,2044,96634
482,Broomfield,2045,96621
483,Broomfield,2046,96575
484,Broomfield,2047,96534
485,Broomfield,2048,96479
486,Broomfield,2049,96402
487,Broomfield,2050,96319
488,Chaffee,1990,12684
489,Chaffee,1991,12866
490,Chaffee,1992,13119
491,Chaffee,1993,13702
492,Chaffee,1994,14104
493,Chaffee,1995,14659
494,Chaffee,1996,15124
495,Chaffee,1997,15409
496,Chaffee,1998,15528
497,Chaffee,1999,15935
498,Chaffee,2000,16312
499,Chaffee,2001,16411
500,Chaffee,2002,16642
501,Chaffee,2003,16793
502,Chaffee,2004,16943
503,Chaffee,2005,17019
504,Chaffee,2006,16983
505,Chaffee,2007,17234
506,Chaffee,2008,17399
507,Chaffee,2009,17603
508,Chaffee,2010,17797
509,Chaffee,2011,18029
510,Chaffee,2012,18166
511,Chaffee,2013,18328
512,Chaffee,2014,18462
513,Chaffee,2015,18601
514,Chaffee,2016,19115
515,Chaffee,2017,19659
516,Chaffee,2018,20063
517,Chaffee,2019,20364
518,Chaffee,2020,20415
519,Chaffee,2021,20533
520,Chaffee,2022,20681
521,Chaffee,2023,20824
522,Chaffee,2024,20987
523,Chaffee,2025,21166
524,Chaffee,2026,21386
525,Chaffee,2027,21642
526,Chaffee,2028,21897
527,Chaffee,2029,22151
528,Chaffee,2030,22399
529,Chaffee,2031,22645
530,Chaffee,2032,22838
531,Chaffee,2033,23016
532,Chaffee,2034,23184
533,Chaffee,2035,23345
534,Chaffee,2036,23510
535,Chaffee,2037,23666
536,Chaffee,2038,23822
537,Chaffee,2039,23975
538,Chaffee,2040,24124
539,Chaffee,2041,24278
540,Chaffee,2042,24420
541,Chaffee,2043,24570
542,Chaffee,2044,24704
543,Chaffee,2045,24850
544,Chaffee,2046,24995
545,Chaffee,2047,25129
546,Chaffee,2048,25273
547,Chaffee,2049,25420
548,Chaffee,2050,25564
549,Cheyenne,1990,2397
550,Cheyenne,1991,2477
551,Cheyenne,1992,2407
552,Cheyenne,1993,2307
553,Cheyenne,1994,2297
554,Cheyenne,1995,2270
555,Cheyenne,1996,2284
556,Cheyenne,1997,2297
557,Cheyenne,1998,2340
558,Cheyenne,1999,2276
559,Cheyenne,2000,2214
560,Cheyenne,2001,2170
561,Cheyenne,2002,2164
562,Cheyenne,2003,2117
563,Cheyenne,2004,2058
564,Cheyenne,2005,2042
565,Cheyenne,2006,1979
566,Cheyenne,2007,1911
567,Cheyenne,2008,1903
568,Cheyenne,2009,1829
569,Cheyenne,2010,1834
570,Cheyenne,2011,1872
571,Cheyenne,2012,1874
572,Cheyenne,2013,1883
573,Cheyenne,2014,1853
574,Cheyenne,2015,1834
575,Cheyenne,2016,1851
576,Cheyenne,2017,1851
577,Cheyenne,2018,1857
578,Cheyenne,2019,1827
579,Cheyenne,2020,1815
580,Cheyenne,2021,1815
581,Cheyenne,2022,1814
582,Cheyenne,2023,1817
583,Cheyenne,2024,1814
584,Cheyenne,2025,1814
585,Cheyenne,2026,1818
586,Cheyenne,2027,1816
587,Cheyenne,2028,1815
588,Cheyenne,2029,1814
589,Cheyenne,2030,1807
590,Cheyenne,2031,1794
591,Cheyenne,2032,1781
592,Cheyenne,2033,1771
593,Cheyenne,2034,1764
594,Cheyenne,2035,1753
595,Cheyenne,2036,1747
596,Cheyenne,2037,1738
597,Cheyenne,2038,1727
598,Cheyenne,2039,1721
599,Cheyenne,2040,1703
600,Cheyenne,2041,1698
601,Cheyenne,2042,1685
602,Cheyenne,2043,1673
603,Cheyenne,2044,1658
604,Cheyenne,2045,1652
605,Cheyenne,2046,1631
606,Cheyenne,2047,1620
607,Cheyenne,2048,1605
608,Cheyenne,2049,1593
609,Cheyenne,2050,1576
610,Clear Creek,1990,7619
611,Clear Creek,1991,7663
612,Clear Creek,1992,7834
613,Clear Creek,1993,8039
614,Clear Creek,1994,8460
615,Clear Creek,1995,8686
616,Clear Creek,1996,8722
617,Clear Creek,1997,8880
618,Clear Creek,1998,9005
619,Clear Creek,1999,9186
620,Clear Creek,2000,9360
621,Clear Creek,2001,9468
622,Clear Creek,2002,9462
623,Clear Creek,2003,9514
624,Clear Creek,2004,9459
625,Clear Creek,2005,9391
626,Clear Creek,2006,9278
627,Clear Creek,2007,9334
628,Clear Creek,2008,9294
629,Clear Creek,2009,9064
630,Clear Creek,2010,9155
631,Clear Creek,2011,9056
632,Clear Creek,2012,9074
633,Clear Creek,2013,9047
634,Clear Creek,2014,9137
635,Clear Creek,2015,9288
636,Clear Creek,2016,9396
637,Clear Creek,2017,9610
638,Clear Creek,2018,9652
639,Clear Creek,2019,9738
640,Clear Creek,2020,9756
641,Clear Creek,2021,9757
642,Clear Creek,2022,9771
643,Clear Creek,2023,9787
644,Clear Creek,2024,9815
645,Clear Creek,2025,9842
646,Clear Creek,2026,9907
647,Clear Creek,2027,9990
648,Clear Creek,2028,10076
649,Clear Creek,2029,10176
650,Clear Creek,2030,10269
651,Clear Creek,2031,10372
652,Clear Creek,2032,10471
653,Clear Creek,2033,10570
654,Clear Creek,2034,10674
655,Clear Creek,2035,10776
656,Clear Creek,2036,10880
657,Clear Creek,2037,10982
658,Clear Creek,2038,11092
659,Clear Creek,2039,11191
660,Clear Creek,2040,11303
661,Clear Creek,2041,11406
662,Clear Creek,2042,11515
663,Clear Creek,2043,11623
664,Clear Creek,2044,11729
665,Clear Creek,2045,11839
666,Clear Creek,2046,11942
667,Clear Creek,2047,12045
668,Clear Creek,2048,12159
669,Clear Creek,2049,12268
670,Clear Creek,2050,12375
671,Conejos,1990,7453
672,Conejos,1991,7535
673,Conejos,1992,7513
674,Conejos,1993,7641
675,Conejos,1994,7746
676,Conejos,1995,7877
677,Conejos,1996,8021
678,Conejos,1997,8104
679,Conejos,1998,8186
680,Conejos,1999,8313
681,Conejos,2000,8407
682,Conejos,2001,8364
683,Conejos,2002,8388
684,Conejos,2003,8387
685,Conejos,2004,8503
686,Conejos,2005,8499
687,Conejos,2006,8471
688,Conejos,2007,8434
689,Conejos,2008,8383
690,Conejos,2009,8211
691,Conejos,2010,8282
692,Conejos,2011,8262
693,Conejos,2012,8217
694,Conejos,2013,8175
695,Conejos,2014,8201
696,Conejos,2015,8039
697,Conejos,2016,8023
698,Conejos,2017,8117
699,Conejos,2018,8140
700,Conejos,2019,8163
701,Conejos,2020,8141
702,Conejos,2021,8129
703,Conejos,2022,8114
704,Conejos,2023,8101
705,Conejos,2024,8087
706,Conejos,2025,8091
707,Conejos,2026,8092
708,Conejos,2027,8101
709,Conejos,2028,8131
710,Conejos,2029,8138
711,Conejos,2030,8159
712,Conejos,2031,8176
713,Conejos,2032,8201
714,Conejos,2033,8212
715,Conejos,2034,8231
716,Conejos,2035,8251
717,Conejos,2036,8272
718,Conejos,2037,8285
719,Conejos,2038,8297
720,Conejos,2039,8309
721,Conejos,2040,8310
722,Conejos,2041,8323
723,Conejos,2042,8327
724,Conejos,2043,8328
725,Conejos,2044,8331
726,Conejos,2045,8330
727,Conejos,2046,8329
728,Conejos,2047,8326
729,Conejos,2048,8328
730,Conejos,2049,8326
731,Conejos,2050,8323
732,Costilla,1990,3190
733,Costilla,1991,3264
734,Costilla,1992,3196
735,Costilla,1993,3342
736,Costilla,1994,3379
737,Costilla,1995,3521
738,Costilla,1996,3586
739,Costilla,1997,3641
740,Costilla,1998,3708
741,Costilla,1999,3680
742,Costilla,2000,3673
743,Costilla,2001,3740
744,Costilla,2002,3735
745,Costilla,2003,3799
746,Costilla,2004,3802
747,Costilla,2005,3696
748,Costilla,2006,3700
749,Costilla,2007,3677
750,Costilla,2008,3614
751,Costilla,2009,3504
752,Costilla,2010,3532
753,Costilla,2011,3648
754,Costilla,2012,3602
755,Costilla,2013,3550
756,Costilla,2014,3574
757,Costilla,2015,3582
758,Costilla,2016,3709
759,Costilla,2017,3771
760,Costilla,2018,3821
761,Costilla,2019,3870
762,Costilla,2020,3848
763,Costilla,2021,3837
764,Costilla,2022,3822
765,Costilla,2023,3815
766,Costilla,2024,3804
767,Costilla,2025,3793
768,Costilla,2026,3783
769,Costilla,2027,3769
770,Costilla,2028,3768
771,Costilla,2029,3758
772,Costilla,2030,3747
773,Costilla,2031,3743
774,Costilla,2032,3734
775,Costilla,2033,3723
776,Costilla,2034,3717
777,Costilla,2035,3713
778,Costilla,2036,3701
779,Costilla,2037,3696
780,Costilla,2038,3692
781,Costilla,2039,3688
782,Costilla,2040,3681
783,Costilla,2041,3679
784,Costilla,2042,3672
785,Costilla,2043,3671
786,Costilla,2044,3669
787,Costilla,2045,3668
788,Costilla,2046,3674
789,Costilla,2047,3668
790,Costilla,2048,3666
791,Costilla,2049,3672
792,Costilla,2050,3670
793,Crowley,1990,3946
794,Crowley,1991,3974
795,Crowley,1992,4140
796,Crowley,1993,4140
797,Crowley,1994,4213
798,Crowley,1995,4220
799,Crowley,1996,4262
800,Crowley,1997,4299
801,Crowley,1998,4283
802,Crowley,1999,5002
803,Crowley,2000,5128
804,Crowley,2001,5249
805,Crowley,2002,5349
806,Crowley,2003,5161
807,Crowley,2004,5435
808,Crowley,2005,5436
809,Crowley,2006,5708
810,Crowley,2007,5911
811,Crowley,2008,5890
812,Crowley,2009,5800
813,Crowley,2010,5838
814,Crowley,2011,5845
815,Crowley,2012,5429
816,Crowley,2013,5313
817,Crowley,2014,5581
818,Crowley,2015,5595
819,Crowley,2016,5255
820,Crowley,2017,5824
821,Crowley,2018,5937
822,Crowley,2019,6030
823,Crowley,2020,6056
824,Crowley,2021,6062
825,Crowley,2022,6081
826,Crowley,2023,6096
827,Crowley,2024,6115
828,Crowley,2025,6141
829,Crowley,2026,6160
830,Crowley,2027,6189
831,Crowley,2028,6215
832,Crowley,2029,6243
833,Crowley,2030,6265
834,Crowley,2031,6296
835,Crowley,2032,6335
836,Crowley,2033,6367
837,Crowley,2034,6404
838,Crowley,2035,6441
839,Crowley,2036,6475
840,Crowley,2037,6504
841,Crowley,2038,6536
842,Crowley,2039,6571
843,Crowley,2040,6604
844,Crowley,2041,6619
845,Crowley,2042,6632
846,Crowley,2043,6642
847,Crowley,2044,6663
848,Crowley,2045,6667
849,Crowley,2046,6685
850,Crowley,2047,6693
851,Crowley,2048,6707
852,Crowley,2049,6710
853,Crowley,2050,6728
854,Custer,1990,1926
855,Custer,1991,2010
856,Custer,1992,2139
857,Custer,1993,2322
858,Custer,1994,2414
859,Custer,1995,2621
860,Custer,1996,2850
861,Custer,1997,3060
862,Custer,1998,3174
863,Custer,1999,3357
864,Custer,2000,3518
865,Custer,2001,3728
866,Custer,2002,3781
867,Custer,2003,3936
868,Custer,2004,3984
869,Custer,2005,4045
870,Custer,2006,4023
871,Custer,2007,4124
872,Custer,2008,4119
873,Custer,2009,4165
874,Custer,2010,4272
875,Custer,2011,4220
876,Custer,2012,4218
877,Custer,2013,4260
878,Custer,2014,4338
879,Custer,2015,4432
880,Custer,2016,4572
881,Custer,2017,4851
882,Custer,2018,4921
883,Custer,2019,5059
884,Custer,2020,5060
885,Custer,2021,5056
886,Custer,2022,5029
887,Custer,2023,5008
888,Custer,2024,4984
889,Custer,2025,4962
890,Custer,2026,4939
891,Custer,2027,4973
892,Custer,2028,4993
893,Custer,2029,5018
894,Custer,2030,5051
895,Custer,2031,5082
896,Custer,2032,5105
897,Custer,2033,5130
898,Custer,2034,5160
899,Custer,2035,5181
900,Custer,2036,5201
901,Custer,2037,5219
902,Custer,2038,5243
903,Custer,2039,5265
904,Custer,2040,5286
905,Custer,2041,5312
906,Custer,2042,5330
907,Custer,2043,5353
908,Custer,2044,5376
909,Custer,2045,5395
910,Custer,2046,5426
911,Custer,2047,5446
912,Custer,2048,5470
913,Custer,2049,5496
914,Custer,2050,5533
915,Delta,1990,20980
916,Delta,1991,21227
917,Delta,1992,21870
918,Delta,1993,23237
919,Delta,1994,24343
920,Delta,1995,25193
921,Delta,1996,25718
922,Delta,1997,26001
923,Delta,1998,26827
924,Delta,1999,27408
925,Delta,2000,27910
926,Delta,2001,28388
927,Delta,2002,28776
928,Delta,2003,29067
929,Delta,2004,29452
930,Delta,2005,29409
931,Delta,2006,29705
932,Delta,2007,29872
933,Delta,2008,30340
934,Delta,2009,30628
935,Delta,2010,30889
936,Delta,2011,30412
937,Delta,2012,30503
938,Delta,2013,30364
939,Delta,2014,29982
940,Delta,2015,29936
941,Delta,2016,30371
942,Delta,2017,30577
943,Delta,2018,30916
944,Delta,2019,31176
945,Delta,2020,31140
946,Delta,2021,31130
947,Delta,2022,31226
948,Delta,2023,31322
949,Delta,2024,31444
950,Delta,2025,31625
951,Delta,2026,31929
952,Delta,2027,32233
953,Delta,2028,32542
954,Delta,2029,32841
955,Delta,2030,33170
956,Delta,2031,33541
957,Delta,2032,33906
958,Delta,2033,34273
959,Delta,2034,34643
960,Delta,2035,35012
961,Delta,2036,35373
962,Delta,2037,35729
963,Delta,2038,36083
964,Delta,2039,36436
965,Delta,2040,36772
966,Delta,2041,37109
967,Delta,2042,37441
968,Delta,2043,37769
969,Delta,2044,38090
970,Delta,2045,38407
971,Delta,2046,38718
972,Delta,2047,39024
973,Delta,2048,39321
974,Delta,2049,39622
975,Delta,2050,39918
976,Denver,1990,467856
977,Denver,1991,475184
978,Denver,1992,488265
979,Denver,1993,501336
980,Denver,1994,504252
981,Denver,1995,507720
982,Denver,1996,518260
983,Denver,1997,527442
984,Denver,1998,533409
985,Denver,1999,545515
986,Denver,2000,556740
987,Denver,2001,563301
988,Denver,2002,559088
989,Denver,2003,560350
990,Denver,2004,560225
991,Denver,2005,559459
992,Denver,2006,562863
993,Denver,2007,570438
994,Denver,2008,581905
995,Denver,2009,595575
996,Denver,2010,604879
997,Denver,2011,622080
998,Denver,2012,636637
999,Denver,2013,650874
1000,Denver,2014,666073
1001,Denver,2015,684823
1002,Denver,2016,697749
1003,Denver,2017,706614
1004,Denver,2018,718178
1005,Denver,2019,729237
1006,Denver,2020,736598
1007,Denver,2021,744466
1008,Denver,2022,751238
1009,Denver,2023,758844
1010,Denver,2024,766048
1011,Denver,2025,773879
1012,Denver,2026,782756
1013,Denver,2027,792125
1014,Denver,2028,801344
1015,Denver,2029,810380
1016,Denver,2030,819214
1017,Denver,2031,827872
1018,Denver,2032,836053
1019,Denver,2033,843716
1020,Denver,2034,850894
1021,Denver,2035,857573
1022,Denver,2036,863757
1023,Denver,2037,869475
1024,Denver,2038,874732
1025,Denver,2039,879544
1026,Denver,2040,883414
1027,Denver,2041,886353
1028,Denver,2042,888072
1029,Denver,2043,888547
1030,Denver,2044,887786
1031,Denver,2045,886887
1032,Denver,2046,885876
1033,Denver,2047,884819
1034,Denver,2048,883731
1035,Denver,2049,882632
1036,Denver,2050,880451
1037,Dolores,1990,1504
1038,Dolores,1991,1432
1039,Dolores,1992,1401
1040,Dolores,1993,1426
1041,Dolores,1994,1500
1042,Dolores,1995,1557
1043,Dolores,1996,1645
1044,Dolores,1997,1674
1045,Dolores,1998,1764
1046,Dolores,1999,1810
1047,Dolores,2000,1847
1048,Dolores,2001,1861
1049,Dolores,2002,1880
1050,Dolores,2003,1876
1051,Dolores,2004,1870
1052,Dolores,2005,1886
1053,Dolores,2006,1990
1054,Dolores,2007,2003
1055,Dolores,2008,2074
1056,Dolores,2009,2051
1057,Dolores,2010,2060
1058,Dolores,2011,2037
1059,Dolores,2012,1997
1060,Dolores,2013,2022
1061,Dolores,2014,1973
1062,Dolores,2015,1976
1063,Dolores,2016,2048
1064,Dolores,2017,2044
1065,Dolores,2018,2051
1066,Dolores,2019,2033
1067,Dolores,2020,2020
1068,Dolores,2021,1999
1069,Dolores,2022,1980
1070,Dolores,2023,1973
1071,Dolores,2024,1964
1072,Dolores,2025,1950
1073,Dolores,2026,1945
1074,Dolores,2027,1935
1075,Dolores,2028,1920
1076,Dolores,2029,1911
1077,Dolores,2030,1905
1078,Dolores,2031,1895
1079,Dolores,2032,1890
1080,Dolores,2033,1892
1081,Dolores,2034,1880
1082,Dolores,2035,1883
1083,Dolores,2036,1881
1084,Dolores,2037,1881
1085,Dolores,2038,1879
1086,Dolores,2039,1878
1087,Dolores,2040,1884
1088,Dolores,2041,1886
1089,Dolores,2042,1885
1090,Dolores,2043,1888
1091,Dolores,2044,1891
1092,Dolores,2045,1900
1093,Dolores,2046,1896
1094,Dolores,2047,1900
1095,Dolores,2048,1906
1096,Dolores,2049,1910
1097,Dolores,2050,1907
1098,Douglas,1990,61562
1099,Douglas,1991,66688
1100,Douglas,1992,75360
1101,Douglas,1993,83128
1102,Douglas,1994,92530
1103,Douglas,1995,103836
1104,Douglas,1996,114713
1105,Douglas,1997,129329
1106,Douglas,1998,144352
1107,Douglas,1999,162324
1108,Douglas,2000,180511
1109,Douglas,2001,199035
1110,Douglas,2002,209706
1111,Douglas,2003,221146
1112,Douglas,2004,233644
1113,Douglas,2005,244445
1114,Douglas,2006,257832
1115,Douglas,2007,268597
1116,Douglas,2008,276743
1117,Douglas,2009,282161
1118,Douglas,2010,287124
1119,Douglas,2011,292683
1120,Douglas,2012,298855
1121,Douglas,2013,306490
1122,Douglas,2014,314818
1123,Douglas,2015,322314
1124,Douglas,2016,328547
1125,Douglas,2017,336146
1126,Douglas,2018,343326
1127,Douglas,2019,351526
1128,Douglas,2020,357182
1129,Douglas,2021,361892
1130,Douglas,2022,366510
1131,Douglas,2023,371062
1132,Douglas,2024,376319
1133,Douglas,2025,382419
1134,Douglas,2026,387984
1135,Douglas,2027,393620
1136,Douglas,2028,399229
1137,Douglas,2029,404791
1138,Douglas,2030,410108
1139,Douglas,2031,415289
1140,Douglas,2032,420311
1141,Douglas,2033,424960
1142,Douglas,2034,429224
1143,Douglas,2035,433338
1144,Douglas,2036,437239
1145,Douglas,2037,440902
1146,Douglas,2038,444329
1147,Douglas,2039,447526
1148,Douglas,2040,450473
1149,Douglas,2041,453171
1150,Douglas,2042,455618
1151,Douglas,2043,457804
1152,Douglas,2044,459714
1153,Douglas,2045,461358
1154,Douglas,2046,462765
1155,Douglas,2047,463955
1156,Douglas,2048,464943
1157,Douglas,2049,465762
1158,Douglas,2050,466437
1159,Eagle,1990,22106
1160,Eagle,1991,23459
1161,Eagle,1992,24938
1162,Eagle,1993,26834
1163,Eagle,1994,29026
1164,Eagle,1995,30882
1165,Eagle,1996,32928
1166,Eagle,1997,35206
1167,Eagle,1998,37611
1168,Eagle,1999,39910
1169,Eagle,2000,43288
1170,Eagle,2001,44440
1171,Eagle,2002,45104
1172,Eagle,2003,45757
1173,Eagle,2004,46480
1174,Eagle,2005,47278
1175,Eagle,2006,48215
1176,Eagle,2007,49286
1177,Eagle,2008,50301
1178,Eagle,2009,51522
1179,Eagle,2010,52057
1180,Eagle,2011,52025
1181,Eagle,2012,52302
1182,Eagle,2013,52791
1183,Eagle,2014,53251
1184,Eagle,2015,53841
1185,Eagle,2016,54523
1186,Eagle,2017,54909
1187,Eagle,2018,54888
1188,Eagle,2019,55071
1189,Eagle,2020,55445
1190,Eagle,2021,55689
1191,Eagle,2022,56206
1192,Eagle,2023,56818
1193,Eagle,2024,57417
1194,Eagle,2025,58034
1195,Eagle,2026,58789
1196,Eagle,2027,59594
1197,Eagle,2028,60388
1198,Eagle,2029,61181
1199,Eagle,2030,61962
1200,Eagle,2031,62745
1201,Eagle,2032,63518
1202,Eagle,2033,64293
1203,Eagle,2034,65051
1204,Eagle,2035,65798
1205,Eagle,2036,66536
1206,Eagle,2037,67269
1207,Eagle,2038,67984
1208,Eagle,2039,68682
1209,Eagle,2040,69368
1210,Eagle,2041,70043
1211,Eagle,2042,70709
1212,Eagle,2043,71352
1213,Eagle,2044,71992
1214,Eagle,2045,72607
1215,Eagle,2046,73213
1216,Eagle,2047,73803
1217,Eagle,2048,74399
1218,Eagle,2049,74969
1219,Eagle,2050,75542
1220,El Paso,1990,397889
1221,El Paso,1991,405951
1222,El Paso,1992,422819
1223,El Paso,1993,437127
1224,El Paso,1994,456506
1225,El Paso,1995,469692
1226,El Paso,1996,476988
1227,El Paso,1997,486808
1228,El Paso,1998,498018
1229,El Paso,1999,508809
1230,El Paso,2000,519803
1231,El Paso,2001,536336
1232,El Paso,2002,545239
1233,El Paso,2003,551671
1234,El Paso,2004,558449
1235,El Paso,2005,569322
1236,El Paso,2006,582501
1237,El Paso,2007,588777
1238,El Paso,2008,599064
1239,El Paso,2009,608519
1240,El Paso,2010,627232
1241,El Paso,2011,638643
1242,El Paso,2012,647428
1243,El Paso,2013,656776
1244,El Paso,2014,663948
1245,El Paso,2015,675647
1246,El Paso,2016,689483
1247,El Paso,2017,701364
1248,El Paso,2018,714381
1249,El Paso,2019,722490
1250,El Paso,2020,731805
1251,El Paso,2021,740811
1252,El Paso,2022,749197
1253,El Paso,2023,758230
1254,El Paso,2024,767855
1255,El Paso,2025,778250
1256,El Paso,2026,789792
1257,El Paso,2027,801909
1258,El Paso,2028,813994
1259,El Paso,2029,826115
1260,El Paso,2030,838190
1261,El Paso,2031,850214
1262,El Paso,2032,862127
1263,El Paso,2033,873929
1264,El Paso,2034,885604
1265,El Paso,2035,897246
1266,El Paso,2036,908825
1267,El Paso,2037,920260
1268,El Paso,2038,931535
1269,El Paso,2039,942703
1270,El Paso,2040,953757
1271,El Paso,2041,964597
1272,El Paso,2042,975314
1273,El Paso,2043,985862
1274,El Paso,2044,996252
1275,El Paso,2045,1006523
1276,El Paso,2046,1016710
1277,El Paso,2047,1026813
1278,El Paso,2048,1036849
1279,El Paso,2049,1046832
1280,El Paso,2050,1056775
1281,Elbert,1990,9746
1282,Elbert,1991,10267
1283,Elbert,1992,10764
1284,Elbert,1993,11535
1285,Elbert,1994,12846
1286,Elbert,1995,14325
1287,Elbert,1996,15812
1288,Elbert,1997,16987
1289,Elbert,1998,18030
1290,Elbert,1999,19086
1291,Elbert,2000,20102
1292,Elbert,2001,21294
1293,Elbert,2002,21606
1294,Elbert,2003,21938
1295,Elbert,2004,22040
1296,Elbert,2005,22259
1297,Elbert,2006,22526
1298,Elbert,2007,22480
1299,Elbert,2008,22664
1300,Elbert,2009,22892
1301,Elbert,2010,23107
1302,Elbert,2011,23136
1303,Elbert,2012,23242
1304,Elbert,2013,23503
1305,Elbert,2014,23999
1306,Elbert,2015,24594
1307,Elbert,2016,25111
1308,Elbert,2017,25735
1309,Elbert,2018,26274
1310,Elbert,2019,26682
1311,Elbert,2020,27309
1312,Elbert,2021,27864
1313,Elbert,2022,28580
1314,Elbert,2023,29327
1315,Elbert,2024,30138
1316,Elbert,2025,31001
1317,Elbert,2026,31971
1318,Elbert,2027,32911
1319,Elbert,2028,33843
1320,Elbert,2029,34766
1321,Elbert,2030,35678
1322,Elbert,2031,36440
1323,Elbert,2032,37193
1324,Elbert,2033,37935
1325,Elbert,2034,38654
1326,Elbert,2035,39367
1327,Elbert,2036,40062
1328,Elbert,2037,40732
1329,Elbert,2038,41400
1330,Elbert,2039,42050
1331,Elbert,2040,42688
1332,Elbert,2041,43321
1333,Elbert,2042,43930
1334,Elbert,2043,44528
1335,Elbert,2044,45112
1336,Elbert,2045,45695
1337,Elbert,2046,46268
1338,Elbert,2047,46821
1339,Elbert,2048,47368
1340,Elbert,2049,47909
1341,Elbert,2050,48451
1342,Fremont,1990,32221
1343,Fremont,1991,32236
1344,Fremont,1992,33818
1345,Fremont,1993,36504
1346,Fremont,1994,38711
1347,Fremont,1995,40520
1348,Fremont,1996,41831
1349,Fremont,1997,42854
1350,Fremont,1998,43817
1351,Fremont,1999,45135
1352,Fremont,2000,46369
1353,Fremont,2001,46738
1354,Fremont,2002,46971
1355,Fremont,2003,46825
1356,Fremont,2004,46537
1357,Fremont,2005,46448
1358,Fremont,2006,46702
1359,Fremont,2007,46662
1360,Fremont,2008,46777
1361,Fremont,2009,46637
1362,Fremont,2010,46854
1363,Fremont,2011,47432
1364,Fremont,2012,47088
1365,Fremont,2013,46334
1366,Fremont,2014,46147
1367,Fremont,2015,46277
1368,Fremont,2016,46997
1369,Fremont,2017,47590
1370,Fremont,2018,47886
1371,Fremont,2019,47649
1372,Fremont,2020,47466
1373,Fremont,2021,47337
1374,Fremont,2022,47359
1375,Fremont,2023,47386
1376,Fremont,2024,47440
1377,Fremont,2025,47492
1378,Fremont,2026,47636
1379,Fremont,2027,47774
1380,Fremont,2028,47954
1381,Fremont,2029,48173
1382,Fremont,2030,48449
1383,Fremont,2031,48714
1384,Fremont,2032,48967
1385,Fremont,2033,49223
1386,Fremont,2034,49471
1387,Fremont,2035,49726
1388,Fremont,2036,49977
1389,Fremont,2037,50211
1390,Fremont,2038,50450
1391,Fremont,2039,50688
1392,Fremont,2040,50927
1393,Fremont,2041,51175
1394,Fremont,2042,51417
1395,Fremont,2043,51658
1396,Fremont,2044,51912
1397,Fremont,2045,52159
1398,Fremont,2046,52415
1399,Fremont,2047,52679
1400,Fremont,2048,52942
1401,Fremont,2049,53201
1402,Fremont,2050,53469
1403,Garfield,1990,30149
1404,Garfield,1991,31228
1405,Garfield,1992,31348
1406,Garfield,1993,32579
1407,Garfield,1994,34496
1408,Garfield,1995,36417
1409,Garfield,1996,37678
1410,Garfield,1997,38887
1411,Garfield,1998,41225
1412,Garfield,1999,42694
1413,Garfield,2000,44239
1414,Garfield,2001,45909
1415,Garfield,2002,46728
1416,Garfield,2003,47483
1417,Garfield,2004,48159
1418,Garfield,2005,49261
1419,Garfield,2006,51106
1420,Garfield,2007,52677
1421,Garfield,2008,54228
1422,Garfield,2009,55401
1423,Garfield,2010,56150
1424,Garfield,2011,56111
1425,Garfield,2012,56846
1426,Garfield,2013,57014
1427,Garfield,2014,57255
1428,Garfield,2015,57802
1429,Garfield,2016,58931
1430,Garfield,2017,59148
1431,Garfield,2018,59824
1432,Garfield,2019,60161
1433,Garfield,2020,60858
1434,Garfield,2021,61518
1435,Garfield,2022,62260
1436,Garfield,2023,63051
1437,Garfield,2024,63886
1438,Garfield,2025,64789
1439,Garfield,2026,65838
1440,Garfield,2027,66974
1441,Garfield,2028,68220
1442,Garfield,2029,69525
1443,Garfield,2030,70892
1444,Garfield,2031,72274
1445,Garfield,2032,73655
1446,Garfield,2033,75036
1447,Garfield,2034,76420
1448,Garfield,2035,77794
1449,Garfield,2036,79158
1450,Garfield,2037,80525
1451,Garfield,2038,81877
1452,Garfield,2039,83226
1453,Garfield,2040,84559
1454,Garfield,2041,85881
1455,Garfield,2042,87189
1456,Garfield,2043,88486
1457,Garfield,2044,89758
1458,Garfield,2045,91011
1459,Garfield,2046,92258
1460,Garfield,2047,93475
1461,Garfield,2048,94683
1462,Garfield,2049,95880
1463,Garfield,2050,97068
1464,Gilpin,1990,3070
1465,Gilpin,1991,3091
1466,Gilpin,1992,3239
1467,Gilpin,1993,3372
1468,Gilpin,1994,3499
1469,Gilpin,1995,3670
1470,Gilpin,1996,3789
1471,Gilpin,1997,4035
1472,Gilpin,1998,4241
1473,Gilpin,1999,4538
1474,Gilpin,2000,4807
1475,Gilpin,2001,4830
1476,Gilpin,2002,4834
1477,Gilpin,2003,4847
1478,Gilpin,2004,4826
1479,Gilpin,2005,4893
1480,Gilpin,2006,4953
1481,Gilpin,2007,4956
1482,Gilpin,2008,5084
1483,Gilpin,2009,5392
1484,Gilpin,2010,5463
1485,Gilpin,2011,5417
1486,Gilpin,2012,5426
1487,Gilpin,2013,5523
1488,Gilpin,2014,5746
1489,Gilpin,2015,5795
1490,Gilpin,2016,5906
1491,Gilpin,2017,6008
1492,Gilpin,2018,6105
1493,Gilpin,2019,6215
1494,Gilpin,2020,6190
1495,Gilpin,2021,6178
1496,Gilpin,2022,6170
1497,Gilpin,2023,6157
1498,Gilpin,2024,6157
1499,Gilpin,2025,6150
1500,Gilpin,2026,6135
1501,Gilpin,2027,6129
1502,Gilpin,2028,6119
1503,Gilpin,2029,6104
1504,Gilpin,2030,6096
1505,Gilpin,2031,6109
1506,Gilpin,2032,6119
1507,Gilpin,2033,6145
1508,Gilpin,2034,6165
1509,Gilpin,2035,6185
1510,Gilpin,2036,6188
1511,Gilpin,2037,6196
1512,Gilpin,2038,6202
1513,Gilpin,2039,6210
1514,Gilpin,2040,6206
1515,Gilpin,2041,6204
1516,Gilpin,2042,6207
1517,Gilpin,2043,6203
1518,Gilpin,2044,6204
1519,Gilpin,2045,6196
1520,Gilpin,2046,6202
1521,Gilpin,2047,6196
1522,Gilpin,2048,6195
1523,Gilpin,2049,6194
1524,Gilpin,2050,6192
1525,Grand,1990,7967
1526,Grand,1991,8391
1527,Grand,1992,8605
1528,Grand,1993,8930
1529,Grand,1994,9348
1530,Grand,1995,9952
1531,Grand,1996,10512
1532,Grand,1997,10960
1533,Grand,1998,11411
1534,Grand,1999,11996
1535,Grand,2000,12852
1536,Grand,2001,13282
1537,Grand,2002,13458
1538,Grand,2003,13681
1539,Grand,2004,13917
1540,Grand,2005,13893
1541,Grand,2006,14137
1542,Grand,2007,14341
1543,Grand,2008,14531
1544,Grand,2009,14660
1545,Grand,2010,14790
1546,Grand,2011,14559
1547,Grand,2012,14216
1548,Grand,2013,14315
1549,Grand,2014,14558
1550,Grand,2015,14726
1551,Grand,2016,15172
1552,Grand,2017,15363
1553,Grand,2018,15502
1554,Grand,2019,15720
1555,Grand,2020,15746
1556,Grand,2021,15763
1557,Grand,2022,15951
1558,Grand,2023,16146
1559,Grand,2024,16359
1560,Grand,2025,16586
1561,Grand,2026,16821
1562,Grand,2027,17007
1563,Grand,2028,17214
1564,Grand,2029,17468
1565,Grand,2030,17744
1566,Grand,2031,18029
1567,Grand,2032,18313
1568,Grand,2033,18597
1569,Grand,2034,18890
1570,Grand,2035,19176
1571,Grand,2036,19460
1572,Grand,2037,19742
1573,Grand,2038,20030
1574,Grand,2039,20312
1575,Grand,2040,20601
1576,Grand,2041,20880
1577,Grand,2042,21153
1578,Grand,2043,21427
1579,Grand,2044,21690
1580,Grand,2045,21953
1581,Grand,2046,22219
1582,Grand,2047,22475
1583,Grand,2048,22727
1584,Grand,2049,22974
1585,Grand,2050,23227
1586,Gunnison,1990,10273
1587,Gunnison,1991,10413
1588,Gunnison,1992,10771
1589,Gunnison,1993,11306
1590,Gunnison,1994,11667
1591,Gunnison,1995,11982
1592,Gunnison,1996,12241
1593,Gunnison,1997,12396
1594,Gunnison,1998,13444
1595,Gunnison,1999,13736
1596,Gunnison,2000,13988
1597,Gunnison,2001,14340
1598,Gunnison,2002,14310
1599,Gunnison,2003,14208
1600,Gunnison,2004,14226
1601,Gunnison,2005,14473
1602,Gunnison,2006,14648
1603,Gunnison,2007,14950
1604,Gunnison,2008,15138
1605,Gunnison,2009,15269
1606,Gunnison,2010,15309
1607,Gunnison,2011,15410
1608,Gunnison,2012,15393
1609,Gunnison,2013,15612
1610,Gunnison,2014,15800
1611,Gunnison,2015,16133
1612,Gunnison,2016,16447
1613,Gunnison,2017,16891
1614,Gunnison,2018,17189
1615,Gunnison,2019,17495
1616,Gunnison,2020,17544
1617,Gunnison,2021,17607
1618,Gunnison,2022,17695
1619,Gunnison,2023,17798
1620,Gunnison,2024,17904
1621,Gunnison,2025,18021
1622,Gunnison,2026,18137
1623,Gunnison,2027,18302
1624,Gunnison,2028,18455
1625,Gunnison,2029,18603
1626,Gunnison,2030,18751
1627,Gunnison,2031,18890
1628,Gunnison,2032,19036
1629,Gunnison,2033,19174
1630,Gunnison,2034,19324
1631,Gunnison,2035,19452
1632,Gunnison,2036,19593
1633,Gunnison,2037,19732
1634,Gunnison,2038,19865
1635,Gunnison,2039,20000
1636,Gunnison,2040,20134
1637,Gunnison,2041,20264
1638,Gunnison,2042,20367
1639,Gunnison,2043,20467
1640,Gunnison,2044,20567
1641,Gunnison,2045,20653
1642,Gunnison,2046,20735
1643,Gunnison,2047,20831
1644,Gunnison,2048,20911
1645,Gunnison,2049,20996
1646,Gunnison,2050,21078
1647,Hinsdale,1990,467
1648,Hinsdale,1991,449
1649,Hinsdale,1992,504
1650,Hinsdale,1993,535
1651,Hinsdale,1994,614
1652,Hinsdale,1995,657
1653,Hinsdale,1996,710
1654,Hinsdale,1997,739
1655,Hinsdale,1998,775
1656,Hinsdale,1999,787
1657,Hinsdale,2000,792
1658,Hinsdale,2001,801
1659,Hinsdale,2002,805
1660,Hinsdale,2003,785
1661,Hinsdale,2004,833
1662,Hinsdale,2005,808
1663,Hinsdale,2006,829
1664,Hinsdale,2007,847
1665,Hinsdale,2008,825
1666,Hinsdale,2009,828
1667,Hinsdale,2010,843
1668,Hinsdale,2011,834
1669,Hinsdale,2012,809
1670,Hinsdale,2013,806
1671,Hinsdale,2014,770
1672,Hinsdale,2015,765
1673,Hinsdale,2016,787
1674,Hinsdale,2017,789
1675,Hinsdale,2018,805
1676,Hinsdale,2019,817
1677,Hinsdale,2020,825
1678,Hinsdale,2021,838
1679,Hinsdale,2022,837
1680,Hinsdale,2023,848
1681,Hinsdale,2024,864
1682,Hinsdale,2025,872
1683,Hinsdale,2026,881
1684,Hinsdale,2027,888
1685,Hinsdale,2028,900
1686,Hinsdale,2029,906
1687,Hinsdale,2030,918
1688,Hinsdale,2031,927
1689,Hinsdale,2032,932
1690,Hinsdale,2033,952
1691,Hinsdale,2034,959
1692,Hinsdale,2035,971
1693,Hinsdale,2036,984
1694,Hinsdale,2037,999
1695,Hinsdale,2038,1016
1696,Hinsdale,2039,1026
1697,Hinsdale,2040,1036
1698,Hinsdale,2041,1053
1699,Hinsdale,2042,1067
1700,Hinsdale,2043,1079
1701,Hinsdale,2044,1077
1702,Hinsdale,2045,1090
1703,Hinsdale,2046,1097
1704,Hinsdale,2047,1102
1705,Hinsdale,2048,1105
1706,Hinsdale,2049,1113
1707,Hinsdale,2050,1123
1708,Huerfano,1990,6009
1709,Huerfano,1991,6060
1710,Huerfano,1992,6182
1711,Huerfano,1993,6443
1712,Huerfano,1994,6914
1713,Huerfano,1995,7159
1714,Huerfano,1996,7395
1715,Huerfano,1997,7667
1716,Huerfano,1998,7780
1717,Huerfano,1999,7830
1718,Huerfano,2000,7826
1719,Huerfano,2001,7903
1720,Huerfano,2002,7916
1721,Huerfano,2003,8044
1722,Huerfano,2004,7731
1723,Huerfano,2005,7821
1724,Huerfano,2006,7749
1725,Huerfano,2007,7659
1726,Huerfano,2008,7676
1727,Huerfano,2009,6712
1728,Huerfano,2010,6655
1729,Huerfano,2011,6502
1730,Huerfano,2012,6546
1731,Huerfano,2013,6447
1732,Huerfano,2014,6381
1733,Huerfano,2015,6383
1734,Huerfano,2016,6568
1735,Huerfano,2017,6618
1736,Huerfano,2018,6864
1737,Huerfano,2019,6854
1738,Huerfano,2020,6782
1739,Huerfano,2021,6723
1740,Huerfano,2022,6705
1741,Huerfano,2023,6681
1742,Huerfano,2024,6670
1743,Huerfano,2025,6659
1744,Huerfano,2026,6652
1745,Huerfano,2027,6631
1746,Huerfano,2028,6609
1747,Huerfano,2029,6584
1748,Huerfano,2030,6558
1749,Huerfano,2031,6536
1750,Huerfano,2032,6502
1751,Huerfano,2033,6475
1752,Huerfano,2034,6434
1753,Huerfano,2035,6389
1754,Huerfano,2036,6346
1755,Huerfano,2037,6292
1756,Huerfano,2038,6252
1757,Huerfano,2039,6206
1758,Huerfano,2040,6163
1759,Huerfano,2041,6115
1760,Huerfano,2042,6070
1761,Huerfano,2043,6019
1762,Huerfano,2044,5975
1763,Huerfano,2045,5926
1764,Huerfano,2046,5875
1765,Huerfano,2047,5833
1766,Huerfano,2048,5796
1767,Huerfano,2049,5747
1768,Huerfano,2050,5712
1769,Jackson,1990,1605
1770,Jackson,1991,1560
1771,Jackson,1992,1577
1772,Jackson,1993,1628
1773,Jackson,1994,1646
1774,Jackson,1995,1613
1775,Jackson,1996,1593
1776,Jackson,1997,1599
1777,Jackson,1998,1591
1778,Jackson,1999,1580
1779,Jackson,2000,1574
1780,Jackson,2001,1590
1781,Jackson,2002,1590
1782,Jackson,2003,1587
1783,Jackson,2004,1522
1784,Jackson,2005,1489
1785,Jackson,2006,1441
1786,Jackson,2007,1423
1787,Jackson,2008,1384
1788,Jackson,2009,1386
1789,Jackson,2010,1387
1790,Jackson,2011,1357
1791,Jackson,2012,1325
1792,Jackson,2013,1333
1793,Jackson,2014,1384
1794,Jackson,2015,1356
1795,Jackson,2016,1357
1796,Jackson,2017,1374
1797,Jackson,2018,1393
1798,Jackson,2019,1384
1799,Jackson,2020,1365
1800,Jackson,2021,1355
1801,Jackson,2022,1349
1802,Jackson,2023,1337
1803,Jackson,2024,1319
1804,Jackson,2025,1316
1805,Jackson,2026,1299
1806,Jackson,2027,1289
1807,Jackson,2028,1289
1808,Jackson,2029,1289
1809,Jackson,2030,1286
1810,Jackson,2031,1277
1811,Jackson,2032,1272
1812,Jackson,2033,1262
1813,Jackson,2034,1260
1814,Jackson,2035,1252
1815,Jackson,2036,1244
1816,Jackson,2037,1247
1817,Jackson,2038,1242
1818,Jackson,2039,1231
1819,Jackson,2040,1227
1820,Jackson,2041,1215
1821,Jackson,2042,1219
1822,Jackson,2043,1213
1823,Jackson,2044,1212
1824,Jackson,2045,1203
1825,Jackson,2046,1197
1826,Jackson,2047,1183
1827,Jackson,2048,1179
1828,Jackson,2049,1179
1829,Jackson,2050,1172
1830,Jefferson,1990,439886
1831,Jefferson,1991,449663
1832,Jefferson,1992,463534
1833,Jefferson,1993,476206
1834,Jefferson,1994,483432
1835,Jefferson,1995,491314
1836,Jefferson,1996,498048
1837,Jefferson,1997,504230
1838,Jefferson,1998,512482
1839,Jefferson,1999,520811
1840,Jefferson,2000,526716
1841,Jefferson,2001,528070
1842,Jefferson,2002,527541
1843,Jefferson,2003,525428
1844,Jefferson,2004,524880
1845,Jefferson,2005,523518
1846,Jefferson,2006,524579
1847,Jefferson,2007,527121
1848,Jefferson,2008,530564
1849,Jefferson,2009,532604
1850,Jefferson,2010,535651
1851,Jefferson,2011,540617
1852,Jefferson,2012,546619
1853,Jefferson,2013,552211
1854,Jefferson,2014,558986
1855,Jefferson,2015,565121
1856,Jefferson,2016,571645
1857,Jefferson,2017,575723
1858,Jefferson,2018,579647
1859,Jefferson,2019,583082
1860,Jefferson,2020,585341
1861,Jefferson,2021,587612
1862,Jefferson,2022,590873
1863,Jefferson,2023,593919
1864,Jefferson,2024,597020
1865,Jefferson,2025,600094
1866,Jefferson,2026,603692
1867,Jefferson,2027,607450
1868,Jefferson,2028,611103
1869,Jefferson,2029,614659
1870,Jefferson,2030,618093
1871,Jefferson,2031,621397
1872,Jefferson,2032,624543
1873,Jefferson,2033,627529
1874,Jefferson,2034,630388
1875,Jefferson,2035,633082
1876,Jefferson,2036,635635
1877,Jefferson,2037,638039
1878,Jefferson,2038,640277
1879,Jefferson,2039,642388
1880,Jefferson,2040,644363
1881,Jefferson,2041,646211
1882,Jefferson,2042,647916
1883,Jefferson,2043,649463
1884,Jefferson,2044,650863
1885,Jefferson,2045,652102
1886,Jefferson,2046,653222
1887,Jefferson,2047,653923
1888,Jefferson,2048,654306
1889,Jefferson,2049,654603
1890,Jefferson,2050,654851
1891,Kiowa,1990,1688
1892,Kiowa,1991,1682
1893,Kiowa,1992,1700
1894,Kiowa,1993,1700
1895,Kiowa,1994,1698
1896,Kiowa,1995,1638
1897,Kiowa,1996,1662
1898,Kiowa,1997,1660
1899,Kiowa,1998,1655
1900,Kiowa,1999,1626
1901,Kiowa,2000,1612
1902,Kiowa,2001,1607
1903,Kiowa,2002,1566
1904,Kiowa,2003,1556
1905,Kiowa,2004,1527
1906,Kiowa,2005,1540
1907,Kiowa,2006,1517
1908,Kiowa,2007,1472
1909,Kiowa,2008,1430
1910,Kiowa,2009,1393
1911,Kiowa,2010,1399
1912,Kiowa,2011,1428
1913,Kiowa,2012,1407
1914,Kiowa,2013,1392
1915,Kiowa,2014,1383
1916,Kiowa,2015,1377
1917,Kiowa,2016,1345
1918,Kiowa,2017,1365
1919,Kiowa,2018,1374
1920,Kiowa,2019,1393
1921,Kiowa,2020,1390
1922,Kiowa,2021,1390
1923,Kiowa,2022,1379
1924,Kiowa,2023,1379
1925,Kiowa,2024,1372
1926,Kiowa,2025,1367
1927,Kiowa,2026,1355
1928,Kiowa,2027,1347
1929,Kiowa,2028,1341
1930,Kiowa,2029,1332
1931,Kiowa,2030,1318
1932,Kiowa,2031,1307
1933,Kiowa,2032,1298
1934,Kiowa,2033,1287
1935,Kiowa,2034,1282
1936,Kiowa,2035,1276
1937,Kiowa,2036,1259
1938,Kiowa,2037,1252
1939,Kiowa,2038,1242
1940,Kiowa,2039,1231
1941,Kiowa,2040,1223
1942,Kiowa,2041,1221
1943,Kiowa,2042,1208
1944,Kiowa,2043,1196
1945,Kiowa,2044,1198
1946,Kiowa,2045,1190
1947,Kiowa,2046,1175
1948,Kiowa,2047,1174
1949,Kiowa,2048,1166
1950,Kiowa,2049,1156
1951,Kiowa,2050,1150
1952,Kit Carson,1990,7140
1953,Kit Carson,1991,7156
1954,Kit Carson,1992,7234
1955,Kit Carson,1993,7262
1956,Kit Carson,1994,7340
1957,Kit Carson,1995,7413
1958,Kit Carson,1996,7479
1959,Kit Carson,1997,7601
1960,Kit Carson,1998,7756
1961,Kit Carson,1999,7901
1962,Kit Carson,2000,7975
1963,Kit Carson,2001,8078
1964,Kit Carson,2002,8287
1965,Kit Carson,2003,8186
1966,Kit Carson,2004,8259
1967,Kit Carson,2005,7998
1968,Kit Carson,2006,7944
1969,Kit Carson,2007,7835
1970,Kit Carson,2008,8042
1971,Kit Carson,2009,8269
1972,Kit Carson,2010,8267
1973,Kit Carson,2011,8163
1974,Kit Carson,2012,8067
1975,Kit Carson,2013,8234
1976,Kit Carson,2014,8009
1977,Kit Carson,2015,8212
1978,Kit Carson,2016,7641
1979,Kit Carson,2017,7160
1980,Kit Carson,2018,7166
1981,Kit Carson,2019,7130
1982,Kit Carson,2020,7138
1983,Kit Carson,2021,7167
1984,Kit Carson,2022,7210
1985,Kit Carson,2023,7257
1986,Kit Carson,2024,7313
1987,Kit Carson,2025,7362
1988,Kit Carson,2026,7420
1989,Kit Carson,2027,7477
1990,Kit Carson,2028,7538
1991,Kit Carson,2029,7594
1992,Kit Carson,2030,7656
1993,Kit Carson,2031,7716
1994,Kit Carson,2032,7786
1995,Kit Carson,2033,7854
1996,Kit Carson,2034,7914
1997,Kit Carson,2035,7989
1998,Kit Carson,2036,8064
1999,Kit Carson,2037,8133
2000,Kit Carson,2038,8214
2001,Kit Carson,2039,8281
2002,Kit Carson,2040,8356
2003,Kit Carson,2041,8433
2004,Kit Carson,2042,8498
2005,Kit Carson,2043,8577
2006,Kit Carson,2044,8642
2007,Kit Carson,2045,8713
2008,Kit Carson,2046,8788
2009,Kit Carson,2047,8860
2010,Kit Carson,2048,8933
2011,Kit Carson,2049,9011
2012,Kit Carson,2050,9079
2013,La Plata,1990,32466
2014,La Plata,1991,33411
2015,La Plata,1992,34430
2016,La Plata,1993,35595
2017,La Plata,1994,36904
2018,La Plata,1995,38760
2019,La Plata,1996,39700
2020,La Plata,1997,40319
2021,La Plata,1998,41170
2022,La Plata,1999,42757
2023,La Plata,2000,44578
2024,La Plata,2001,45648
2025,La Plata,2002,46087
2026,La Plata,2003,46449
2027,La Plata,2004,46927
2028,La Plata,2005,47710
2029,La Plata,2006,48408
2030,La Plata,2007,49151
2031,La Plata,2008,50074
2032,La Plata,2009,50760
2033,La Plata,2010,51441
2034,La Plata,2011,51899
2035,La Plata,2012,52502
2036,La Plata,2013,53413
2037,La Plata,2014,53926
2038,La Plata,2015,54757
2039,La Plata,2016,55414
2040,La Plata,2017,55641
2041,La Plata,2018,56368
2042,La Plata,2019,56274
2043,La Plata,2020,57030
2044,La Plata,2021,57671
2045,La Plata,2022,58542
2046,La Plata,2023,59513
2047,La Plata,2024,60546
2048,La Plata,2025,61646
2049,La Plata,2026,62917
2050,La Plata,2027,64119
2051,La Plata,2028,65208
2052,La Plata,2029,66181
2053,La Plata,2030,67155
2054,La Plata,2031,68124
2055,La Plata,2032,69077
2056,La Plata,2033,70010
2057,La Plata,2034,70934
2058,La Plata,2035,71840
2059,La Plata,2036,72738
2060,La Plata,2037,73632
2061,La Plata,2038,74518
2062,La Plata,2039,75379
2063,La Plata,2040,76232
2064,La Plata,2041,77074
2065,La Plata,2042,77904
2066,La Plata,2043,78718
2067,La Plata,2044,79514
2068,La Plata,2045,80300
2069,La Plata,2046,81073
2070,La Plata,2047,81831
2071,La Plata,2048,82567
2072,La Plata,2049,83293
2073,La Plata,2050,84010
2074,Lake,1990,6007
2075,Lake,1991,6136
2076,Lake,1992,6208
2077,Lake,1993,6265
2078,Lake,1994,6378
2079,Lake,1995,7148
2080,Lake,1996,7554
2081,Lake,1997,7870
2082,Lake,1998,7827
2083,Lake,1999,7819
2084,Lake,2000,7939
2085,Lake,2001,7819
2086,Lake,2002,7726
2087,Lake,2003,7521
2088,Lake,2004,7414
2089,Lake,2005,7287
2090,Lake,2006,7219
2091,Lake,2007,7270
2092,Lake,2008,7270
2093,Lake,2009,7174
2094,Lake,2010,7282
2095,Lake,2011,7292
2096,Lake,2012,7199
2097,Lake,2013,7221
2098,Lake,2014,7275
2099,Lake,2015,7397
2100,Lake,2016,7535
2101,Lake,2017,7713
2102,Lake,2018,7787
2103,Lake,2019,8082
2104,Lake,2020,8101
2105,Lake,2021,8152
2106,Lake,2022,8208
2107,Lake,2023,8257
2108,Lake,2024,8320
2109,Lake,2025,8388
2110,Lake,2026,8468
2111,Lake,2027,8560
2112,Lake,2028,8655
2113,Lake,2029,8749
2114,Lake,2030,8848
2115,Lake,2031,8946
2116,Lake,2032,9015
2117,Lake,2033,9079
2118,Lake,2034,9144
2119,Lake,2035,9218
2120,Lake,2036,9286
2121,Lake,2037,9351
2122,Lake,2038,9414
2123,Lake,2039,9462
2124,Lake,2040,9504
2125,Lake,2041,9540
2126,Lake,2042,9578
2127,Lake,2043,9613
2128,Lake,2044,9648
2129,Lake,2045,9673
2130,Lake,2046,9701
2131,Lake,2047,9725
2132,Lake,2048,9747
2133,Lake,2049,9771
2134,Lake,2050,9795
2135,Larimer,1990,187078
2136,Larimer,1991,193546
2137,Larimer,1992,199664
2138,Larimer,1993,206849
2139,Larimer,1994,214930
2140,Larimer,1995,221626
2141,Larimer,1996,227251
2142,Larimer,1997,232800
2143,Larimer,1998,239080
2144,Larimer,1999,246158
2145,Larimer,2000,253087
2146,Larimer,2001,260911
2147,Larimer,2002,266177
2148,Larimer,2003,268147
2149,Larimer,2004,273262
2150,Larimer,2005,275871
2151,Larimer,2006,281026
2152,Larimer,2007,286752
2153,Larimer,2008,292389
2154,Larimer,2009,297501
2155,Larimer,2010,300532
2156,Larimer,2011,305350
2157,Larimer,2012,310962
2158,Larimer,2013,316360
2159,Larimer,2014,324146
2160,Larimer,2015,333467
2161,Larimer,2016,339181
2162,Larimer,2017,344269
2163,Larimer,2018,350843
2164,Larimer,2019,356936
2165,Larimer,2020,361323
2166,Larimer,2021,365388
2167,Larimer,2022,369676
2168,Larimer,2023,374289
2169,Larimer,2024,379374
2170,Larimer,2025,385016
2171,Larimer,2026,391533
2172,Larimer,2027,397879
2173,Larimer,2028,404155
2174,Larimer,2029,410358
2175,Larimer,2030,416488
2176,Larimer,2031,422556
2177,Larimer,2032,428549
2178,Larimer,2033,434468
2179,Larimer,2034,440332
2180,Larimer,2035,446127
2181,Larimer,2036,451850
2182,Larimer,2037,457507
2183,Larimer,2038,463105
2184,Larimer,2039,468633
2185,Larimer,2040,474101
2186,Larimer,2041,479512
2187,Larimer,2042,484870
2188,Larimer,2043,490176
2189,Larimer,2044,495415
2190,Larimer,2045,500583
2191,Larimer,2046,505690
2192,Larimer,2047,510737
2193,Larimer,2048,515716
2194,Larimer,2049,520630
2195,Larimer,2050,525479
2196,Las Animas,1990,13765
2197,Las Animas,1991,13816
2198,Las Animas,1992,14034
2199,Las Animas,1993,14215
2200,Las Animas,1994,14753
2201,Las Animas,1995,14907
2202,Las Animas,1996,14974
2203,Las Animas,1997,15048
2204,Las Animas,1998,15050
2205,Las Animas,1999,15138
2206,Las Animas,2000,15286
2207,Las Animas,2001,15314
2208,Las Animas,2002,15658
2209,Las Animas,2003,16089
2210,Las Animas,2004,15702
2211,Las Animas,2005,15570
2212,Las Animas,2006,15554
2213,Las Animas,2007,15525
2214,Las Animas,2008,15487
2215,Las Animas,2009,15478
2216,Las Animas,2010,15407
2217,Las Animas,2011,15042
2218,Las Animas,2012,14963
2219,Las Animas,2013,14369
2220,Las Animas,2014,14053
2221,Las Animas,2015,14047
2222,Las Animas,2016,14072
2223,Las Animas,2017,14213
2224,Las Animas,2018,14493
2225,Las Animas,2019,14495
2226,Las Animas,2020,14404
2227,Las Animas,2021,14321
2228,Las Animas,2022,14270
2229,Las Animas,2023,14226
2230,Las Animas,2024,14182
2231,Las Animas,2025,14141
2232,Las Animas,2026,14102
2233,Las Animas,2027,14060
2234,Las Animas,2028,14014
2235,Las Animas,2029,13966
2236,Las Animas,2030,13917
2237,Las Animas,2031,13864
2238,Las Animas,2032,13807
2239,Las Animas,2033,13755
2240,Las Animas,2034,13698
2241,Las Animas,2035,13641
2242,Las Animas,2036,13583
2243,Las Animas,2037,13518
2244,Las Animas,2038,13459
2245,Las Animas,2039,13392
2246,Las Animas,2040,13326
2247,Las Animas,2041,13271
2248,Las Animas,2042,13201
2249,Las Animas,2043,13138
2250,Las Animas,2044,13069
2251,Las Animas,2045,13010
2252,Las Animas,2046,12945
2253,Las Animas,2047,12887
2254,Las Animas,2048,12825
2255,Las Animas,2049,12770
2256,Las Animas,2050,12711
2257,Lincoln,1990,4715
2258,Lincoln,1991,5432
2259,Lincoln,1992,5972
2260,Lincoln,1993,5882
2261,Lincoln,1994,5936
2262,Lincoln,1995,5984
2263,Lincoln,1996,6113
2264,Lincoln,1997,6092
2265,Lincoln,1998,6106
2266,Lincoln,1999,6088
2267,Lincoln,2000,6164
2268,Lincoln,2001,6072
2269,Lincoln,2002,6046
2270,Lincoln,2003,6058
2271,Lincoln,2004,5905
2272,Lincoln,2005,5789
2273,Lincoln,2006,5668
2274,Lincoln,2007,5570
2275,Lincoln,2008,5517
2276,Lincoln,2009,5465
2277,Lincoln,2010,5474
2278,Lincoln,2011,5387
2279,Lincoln,2012,5438
2280,Lincoln,2013,5427
2281,Lincoln,2014,5515
2282,Lincoln,2015,5544
2283,Lincoln,2016,5553
2284,Lincoln,2017,5529
2285,Lincoln,2018,5587
2286,Lincoln,2019,5697
2287,Lincoln,2020,5721
2288,Lincoln,2021,5767
2289,Lincoln,2022,5849
2290,Lincoln,2023,5929
2291,Lincoln,2024,6006
2292,Lincoln,2025,6088
2293,Lincoln,2026,6182
2294,Lincoln,2027,6253
2295,Lincoln,2028,6317
2296,Lincoln,2029,6385
2297,Lincoln,2030,6443
2298,Lincoln,2031,6518
2299,Lincoln,2032,6581
2300,Lincoln,2033,6639
2301,Lincoln,2034,6704
2302,Lincoln,2035,6787
2303,Lincoln,2036,6856
2304,Lincoln,2037,6924
2305,Lincoln,2038,6998
2306,Lincoln,2039,7064
2307,Lincoln,2040,7121
2308,Lincoln,2041,7191
2309,Lincoln,2042,7254
2310,Lincoln,2043,7323
2311,Lincoln,2044,7383
2312,Lincoln,2045,7445
2313,Lincoln,2046,7516
2314,Lincoln,2047,7579
2315,Lincoln,2048,7649
2316,Lincoln,2049,7714
2317,Lincoln,2050,7782
2318,Logan,1990,17491
2319,Logan,1991,17499
2320,Logan,1992,17567
2321,Logan,1993,17965
2322,Logan,1994,18831
2323,Logan,1995,19372
2324,Logan,1996,19664
2325,Logan,1997,20006
2326,Logan,1998,20001
2327,Logan,1999,20294
2328,Logan,2000,20656
2329,Logan,2001,22359
2330,Logan,2002,22098
2331,Logan,2003,22374
2332,Logan,2004,22178
2333,Logan,2005,22082
2334,Logan,2006,22270
2335,Logan,2007,22402
2336,Logan,2008,22320
2337,Logan,2009,22515
2338,Logan,2010,22293
2339,Logan,2011,22113
2340,Logan,2012,21895
2341,Logan,2013,21709
2342,Logan,2014,21983
2343,Logan,2015,22020
2344,Logan,2016,21961
2345,Logan,2017,21864
2346,Logan,2018,21815
2347,Logan,2019,21912
2348,Logan,2020,22085
2349,Logan,2021,22191
2350,Logan,2022,22442
2351,Logan,2023,22701
2352,Logan,2024,22971
2353,Logan,2025,23258
2354,Logan,2026,23556
2355,Logan,2027,23759
2356,Logan,2028,23958
2357,Logan,2029,24141
2358,Logan,2030,24327
2359,Logan,2031,24512
2360,Logan,2032,24692
2361,Logan,2033,24864
2362,Logan,2034,25044
2363,Logan,2035,25220
2364,Logan,2036,25396
2365,Logan,2037,25564
2366,Logan,2038,25724
2367,Logan,2039,25890
2368,Logan,2040,26056
2369,Logan,2041,26221
2370,Logan,2042,26381
2371,Logan,2043,26545
2372,Logan,2044,26699
2373,Logan,2045,26855
2374,Logan,2046,27004
2375,Logan,2047,27150
2376,Logan,2048,27295
2377,Logan,2049,27429
2378,Logan,2050,27577
2379,Mesa,1990,93572
2380,Mesa,1991,95990
2381,Mesa,1992,97408
2382,Mesa,1993,99901
2383,Mesa,1994,102757
2384,Mesa,1995,105412
2385,Mesa,1996,107536
2386,Mesa,1997,109762
2387,Mesa,1998,112335
2388,Mesa,1999,114570
2389,Mesa,2000,117649
2390,Mesa,2001,119864
2391,Mesa,2002,121786
2392,Mesa,2003,124150
2393,Mesa,2004,126625
2394,Mesa,2005,128998
2395,Mesa,2006,133129
2396,Mesa,2007,137389
2397,Mesa,2008,140678
2398,Mesa,2009,144794
2399,Mesa,2010,147155
2400,Mesa,2011,147955
2401,Mesa,2012,147942
2402,Mesa,2013,147880
2403,Mesa,2014,147791
2404,Mesa,2015,148660
2405,Mesa,2016,150321
2406,Mesa,2017,151963
2407,Mesa,2018,153721
2408,Mesa,2019,154931
2409,Mesa,2020,155739
2410,Mesa,2021,156630
2411,Mesa,2022,157950
2412,Mesa,2023,159457
2413,Mesa,2024,161306
2414,Mesa,2025,163486
2415,Mesa,2026,166211
2416,Mesa,2027,169009
2417,Mesa,2028,171916
2418,Mesa,2029,175052
2419,Mesa,2030,178302
2420,Mesa,2031,181710
2421,Mesa,2032,185126
2422,Mesa,2033,188537
2423,Mesa,2034,191941
2424,Mesa,2035,195344
2425,Mesa,2036,198723
2426,Mesa,2037,202091
2427,Mesa,2038,205430
2428,Mesa,2039,208758
2429,Mesa,2040,212053
2430,Mesa,2041,215329
2431,Mesa,2042,218573
2432,Mesa,2043,221795
2433,Mesa,2044,224983
2434,Mesa,2045,228141
2435,Mesa,2046,230189
2436,Mesa,2047,232222
2437,Mesa,2048,234226
2438,Mesa,2049,236207
2439,Mesa,2050,238166
2440,Mineral,1990,558
2441,Mineral,1991,571
2442,Mineral,1992,582
2443,Mineral,1993,603
2444,Mineral,1994,648
2445,Mineral,1995,669
2446,Mineral,1996,735
2447,Mineral,1997,745
2448,Mineral,1998,778
2449,Mineral,1999,807
2450,Mineral,2000,836
2451,Mineral,2001,822
2452,Mineral,2002,806
2453,Mineral,2003,829
2454,Mineral,2004,850
2455,Mineral,2005,805
2456,Mineral,2006,791
2457,Mineral,2007,808
2458,Mineral,2008,769
2459,Mineral,2009,712
2460,Mineral,2010,705
2461,Mineral,2011,703
2462,Mineral,2012,718
2463,Mineral,2013,738
2464,Mineral,2014,705
2465,Mineral,2015,741
2466,Mineral,2016,758
2467,Mineral,2017,751
2468,Mineral,2018,774
2469,Mineral,2019,764
2470,Mineral,2020,770
2471,Mineral,2021,766
2472,Mineral,2022,783
2473,Mineral,2023,781
2474,Mineral,2024,807
2475,Mineral,2025,810
2476,Mineral,2026,813
2477,Mineral,2027,826
2478,Mineral,2028,829
2479,Mineral,2029,833
2480,Mineral,2030,833
2481,Mineral,2031,830
2482,Mineral,2032,830
2483,Mineral,2033,834
2484,Mineral,2034,833
2485,Mineral,2035,843
2486,Mineral,2036,842
2487,Mineral,2037,840
2488,Mineral,2038,849
2489,Mineral,2039,852
2490,Mineral,2040,855
2491,Mineral,2041,851
2492,Mineral,2042,854
2493,Mineral,2043,853
2494,Mineral,2044,852
2495,Mineral,2045,851
2496,Mineral,2046,860
2497,Mineral,2047,859
2498,Mineral,2048,858
2499,Mineral,2049,865
2500,Mineral,2050,868
2501,Moffat,1990,11357
2502,Moffat,1991,11453
2503,Moffat,1992,11697
2504,Moffat,1993,11797
2505,Moffat,1994,11997
2506,Moffat,1995,12189
2507,Moffat,1996,12285
2508,Moffat,1997,12573
2509,Moffat,1998,12810
2510,Moffat,1999,13026
2511,Moffat,2000,13182
2512,Moffat,2001,13090
2513,Moffat,2002,13127
2514,Moffat,2003,13053
2515,Moffat,2004,13061
2516,Moffat,2005,12962
2517,Moffat,2006,13105
2518,Moffat,2007,13273
2519,Moffat,2008,13443
2520,Moffat,2009,13540
2521,Moffat,2010,13806
2522,Moffat,2011,13437
2523,Moffat,2012,13185
2524,Moffat,2013,13140
2525,Moffat,2014,12947
2526,Moffat,2015,12954
2527,Moffat,2016,13163
2528,Moffat,2017,13103
2529,Moffat,2018,13190
2530,Moffat,2019,13254
2531,Moffat,2020,13193
2532,Moffat,2021,13154
2533,Moffat,2022,13133
2534,Moffat,2023,13106
2535,Moffat,2024,13089
2536,Moffat,2025,13080
2537,Moffat,2026,13080
2538,Moffat,2027,13087
2539,Moffat,2028,13099
2540,Moffat,2029,13095
2541,Moffat,2030,13099
2542,Moffat,2031,13092
2543,Moffat,2032,13079
2544,Moffat,2033,13068
2545,Moffat,2034,13047
2546,Moffat,2035,13027
2547,Moffat,2036,13005
2548,Moffat,2037,12990
2549,Moffat,2038,12963
2550,Moffat,2039,12945
2551,Moffat,2040,12926
2552,Moffat,2041,12900
2553,Moffat,2042,12881
2554,Moffat,2043,12858
2555,Moffat,2044,12829
2556,Moffat,2045,12797
2557,Moffat,2046,12762
2558,Moffat,2047,12729
2559,Moffat,2048,12688
2560,Moffat,2049,12658
2561,Moffat,2050,12617
2562,Montezuma,1990,18672
2563,Montezuma,1991,19062
2564,Montezuma,1992,19654
2565,Montezuma,1993,20645
2566,Montezuma,1994,21390
2567,Montezuma,1995,22159
2568,Montezuma,1996,22645
2569,Montezuma,1997,22974
2570,Montezuma,1998,23114
2571,Montezuma,1999,23518
2572,Montezuma,2000,23852
2573,Montezuma,2001,23873
2574,Montezuma,2002,24107
2575,Montezuma,2003,24379
2576,Montezuma,2004,24602
2577,Montezuma,2005,24600
2578,Montezuma,2006,25017
2579,Montezuma,2007,25184
2580,Montezuma,2008,25197
2581,Montezuma,2009,25362
2582,Montezuma,2010,25532
2583,Montezuma,2011,25432
2584,Montezuma,2012,25438
2585,Montezuma,2013,25506
2586,Montezuma,2014,25479
2587,Montezuma,2015,25688
2588,Montezuma,2016,25976
2589,Montezuma,2017,26095
2590,Montezuma,2018,26145
2591,Montezuma,2019,26160
2592,Montezuma,2020,26324
2593,Montezuma,2021,26481
2594,Montezuma,2022,26710
2595,Montezuma,2023,26961
2596,Montezuma,2024,27231
2597,Montezuma,2025,27527
2598,Montezuma,2026,27897
2599,Montezuma,2027,28252
2600,Montezuma,2028,28571
2601,Montezuma,2029,28898
2602,Montezuma,2030,29200
2603,Montezuma,2031,29529
2604,Montezuma,2032,29847
2605,Montezuma,2033,30138
2606,Montezuma,2034,30429
2607,Montezuma,2035,30718
2608,Montezuma,2036,31005
2609,Montezuma,2037,31291
2610,Montezuma,2038,31581
2611,Montezuma,2039,31876
2612,Montezuma,2040,32151
2613,Montezuma,2041,32439
2614,Montezuma,2042,32726
2615,Montezuma,2043,33008
2616,Montezuma,2044,33298
2617,Montezuma,2045,33572
2618,Montezuma,2046,33847
2619,Montezuma,2047,34115
2620,Montezuma,2048,34385
2621,Montezuma,2049,34659
2622,Montezuma,2050,34925
2623,Montrose,1990,24563
2624,Montrose,1991,25272
2625,Montrose,1992,26219
2626,Montrose,1993,27284
2627,Montrose,1994,28505
2628,Montrose,1995,29669
2629,Montrose,1996,30482
2630,Montrose,1997,31251
2631,Montrose,1998,31833
2632,Montrose,1999,32750
2633,Montrose,2000,33579
2634,Montrose,2001,34443
2635,Montrose,2002,34932
2636,Montrose,2003,35637
2637,Montrose,2004,36129
2638,Montrose,2005,36999
2639,Montrose,2006,37973
2640,Montrose,2007,39129
2641,Montrose,2008,39947
2642,Montrose,2009,40685
2643,Montrose,2010,41188
2644,Montrose,2011,40967
2645,Montrose,2012,40657
2646,Montrose,2013,40554
2647,Montrose,2014,40598
2648,Montrose,2015,40580
2649,Montrose,2016,41156
2650,Montrose,2017,41787
2651,Montrose,2018,42267
2652,Montrose,2019,42764
2653,Montrose,2020,43043
2654,Montrose,2021,43330
2655,Montrose,2022,43800
2656,Montrose,2023,44281
2657,Montrose,2024,44803
2658,Montrose,2025,45642
2659,Montrose,2026,46708
2660,Montrose,2027,47683
2661,Montrose,2028,48638
2662,Montrose,2029,49574
2663,Montrose,2030,50496
2664,Montrose,2031,51414
2665,Montrose,2032,52331
2666,Montrose,2033,53235
2667,Montrose,2034,54137
2668,Montrose,2035,55026
2669,Montrose,2036,55911
2670,Montrose,2037,56785
2671,Montrose,2038,57659
2672,Montrose,2039,58520
2673,Montrose,2040,59372
2674,Montrose,2041,60219
2675,Montrose,2042,61056
2676,Montrose,2043,61881
2677,Montrose,2044,62695
2678,Montrose,2045,63500
2679,Montrose,2046,64294
2680,Montrose,2047,65079
2681,Montrose,2048,65848
2682,Montrose,2049,66609
2683,Montrose,2050,67381
2684,Morgan,1990,22073
2685,Morgan,1991,22703
2686,Morgan,1992,23486
2687,Morgan,1993,24238
2688,Morgan,1994,25078
2689,Morgan,1995,25367
2690,Morgan,1996,26048
2691,Morgan,1997,26650
2692,Morgan,1998,26666
2693,Morgan,1999,26954
2694,Morgan,2000,27250
2695,Morgan,2001,27473
2696,Morgan,2002,27663
2697,Morgan,2003,27852
2698,Morgan,2004,27915
2699,Morgan,2005,27949
2700,Morgan,2006,27983
2701,Morgan,2007,27849
2702,Morgan,2008,27742
2703,Morgan,2009,28027
2704,Morgan,2010,28196
2705,Morgan,2011,28415
2706,Morgan,2012,28203
2707,Morgan,2013,28180
2708,Morgan,2014,28066
2709,Morgan,2015,28215
2710,Morgan,2016,28151
2711,Morgan,2017,28267
2712,Morgan,2018,28741
2713,Morgan,2019,28981
2714,Morgan,2020,28929
2715,Morgan,2021,29110
2716,Morgan,2022,29414
2717,Morgan,2023,29716
2718,Morgan,2024,30045
2719,Morgan,2025,30378
2720,Morgan,2026,30766
2721,Morgan,2027,31098
2722,Morgan,2028,31457
2723,Morgan,2029,31832
2724,Morgan,2030,32209
2725,Morgan,2031,32590
2726,Morgan,2032,32969
2727,Morgan,2033,33373
2728,Morgan,2034,33784
2729,Morgan,2035,34214
2730,Morgan,2036,34653
2731,Morgan,2037,35115
2732,Morgan,2038,35574
2733,Morgan,2039,36037
2734,Morgan,2040,36504
2735,Morgan,2041,36969
2736,Morgan,2042,37434
2737,Morgan,2043,37905
2738,Morgan,2044,38376
2739,Morgan,2045,38848
2740,Morgan,2046,39319
2741,Morgan,2047,39784
2742,Morgan,2048,40266
2743,Morgan,2049,40745
2744,Morgan,2050,41222
2745,Otero,1990,20185
2746,Otero,1991,20374
2747,Otero,1992,20293
2748,Otero,1993,20435
2749,Otero,1994,20489
2750,Otero,1995,20698
2751,Otero,1996,20738
2752,Otero,1997,20763
2753,Otero,1998,20507
2754,Otero,1999,20408
2755,Otero,2000,20244
2756,Otero,2001,19899
2757,Otero,2002,19625
2758,Otero,2003,19666
2759,Otero,2004,19561
2760,Otero,2005,19370
2761,Otero,2006,19188
2762,Otero,2007,18941
2763,Otero,2008,18854
2764,Otero,2009,18847
2765,Otero,2010,18838
2766,Otero,2011,18820
2767,Otero,2012,18620
2768,Otero,2013,18441
2769,Otero,2014,18328
2770,Otero,2015,18183
2771,Otero,2016,18201
2772,Otero,2017,18360
2773,Otero,2018,18375
2774,Otero,2019,18283
2775,Otero,2020,18170
2776,Otero,2021,18071
2777,Otero,2022,18028
2778,Otero,2023,17971
2779,Otero,2024,17925
2780,Otero,2025,17853
2781,Otero,2026,17786
2782,Otero,2027,17701
2783,Otero,2028,17586
2784,Otero,2029,17475
2785,Otero,2030,17370
2786,Otero,2031,17269
2787,Otero,2032,17154
2788,Otero,2033,17041
2789,Otero,2034,16938
2790,Otero,2035,16839
2791,Otero,2036,16730
2792,Otero,2037,16633
2793,Otero,2038,16529
2794,Otero,2039,16428
2795,Otero,2040,16328
2796,Otero,2041,16232
2797,Otero,2042,16133
2798,Otero,2043,16038
2799,Otero,2044,15947
2800,Otero,2045,15855
2801,Otero,2046,15756
2802,Otero,2047,15668
2803,Otero,2048,15575
2804,Otero,2049,15482
2805,Otero,2050,15383
2806,Ouray,1990,2295
2807,Ouray,1991,2414
2808,Ouray,1992,2533
2809,Ouray,1993,2652
2810,Ouray,1994,2904
2811,Ouray,1995,3080
2812,Ouray,1996,3256
2813,Ouray,1997,3324
2814,Ouray,1998,3457
2815,Ouray,1999,3627
2816,Ouray,2000,3776
2817,Ouray,2001,3812
2818,Ouray,2002,3905
2819,Ouray,2003,3908
2820,Ouray,2004,4028
2821,Ouray,2005,4083
2822,Ouray,2006,4138
2823,Ouray,2007,4275
2824,Ouray,2008,4407
2825,Ouray,2009,4372
2826,Ouray,2010,4446
2827,Ouray,2011,4418
2828,Ouray,2012,4492
2829,Ouray,2013,4542
2830,Ouray,2014,4562
2831,Ouray,2015,4597
2832,Ouray,2016,4778
2833,Ouray,2017,4798
2834,Ouray,2018,4805
2835,Ouray,2019,4935
2836,Ouray,2020,4934
2837,Ouray,2021,4940
2838,Ouray,2022,4953
2839,Ouray,2023,4975
2840,Ouray,2024,4992
2841,Ouray,2025,5004
2842,Ouray,2026,5033
2843,Ouray,2027,5068
2844,Ouray,2028,5094
2845,Ouray,2029,5127
2846,Ouray,2030,5162
2847,Ouray,2031,5191
2848,Ouray,2032,5230
2849,Ouray,2033,5266
2850,Ouray,2034,5294
2851,Ouray,2035,5342
2852,Ouray,2036,5369
2853,Ouray,2037,5411
2854,Ouray,2038,5444
2855,Ouray,2039,5495
2856,Ouray,2040,5540
2857,Ouray,2041,5578
2858,Ouray,2042,5627
2859,Ouray,2043,5667
2860,Ouray,2044,5714
2861,Ouray,2045,5754
2862,Ouray,2046,5795
2863,Ouray,2047,5844
2864,Ouray,2048,5882
2865,Ouray,2049,5923
2866,Ouray,2050,5976
2867,Park,1990,7260
2868,Park,1991,7699
2869,Park,1992,8089
2870,Park,1993,8575
2871,Park,1994,9526
2872,Park,1995,10575
2873,Park,1996,11382
2874,Park,1997,12364
2875,Park,1998,13061
2876,Park,1999,13904
2877,Park,2000,14728
2878,Park,2001,15175
2879,Park,2002,15415
2880,Park,2003,15787
2881,Park,2004,15914
2882,Park,2005,16063
2883,Park,2006,16129
2884,Park,2007,16337
2885,Park,2008,16277
2886,Park,2009,15965
2887,Park,2010,16262
2888,Park,2011,16043
2889,Park,2012,16035
2890,Park,2013,16174
2891,Park,2014,16368
2892,Park,2015,16717
2893,Park,2016,17339
2894,Park,2017,17877
2895,Park,2018,18525
2896,Park,2019,18841
2897,Park,2020,18997
2898,Park,2021,19123
2899,Park,2022,19264
2900,Park,2023,19395
2901,Park,2024,19550
2902,Park,2025,19710
2903,Park,2026,19923
2904,Park,2027,20233
2905,Park,2028,20515
2906,Park,2029,20786
2907,Park,2030,21059
2908,Park,2031,21301
2909,Park,2032,21532
2910,Park,2033,21747
2911,Park,2034,21933
2912,Park,2035,22100
2913,Park,2036,22248
2914,Park,2037,22356
2915,Park,2038,22436
2916,Park,2039,22472
2917,Park,2040,22470
2918,Park,2041,22441
2919,Park,2042,22399
2920,Park,2043,22350
2921,Park,2044,22303
2922,Park,2045,22250
2923,Park,2046,22193
2924,Park,2047,22110
2925,Park,2048,22016
2926,Park,2049,21935
2927,Park,2050,21846
2928,Phillips,1990,4189
2929,Phillips,1991,4201
2930,Phillips,1992,4230
2931,Phillips,1993,4373
2932,Phillips,1994,4403
2933,Phillips,1995,4477
2934,Phillips,1996,4502
2935,Phillips,1997,4575
2936,Phillips,1998,4565
2937,Phillips,1999,4519
2938,Phillips,2000,4451
2939,Phillips,2001,4488
2940,Phillips,2002,4497
2941,Phillips,2003,4476
2942,Phillips,2004,4584
2943,Phillips,2005,4547
2944,Phillips,2006,4505
2945,Phillips,2007,4484
2946,Phillips,2008,4449
2947,Phillips,2009,4461
2948,Phillips,2010,4465
2949,Phillips,2011,4403
2950,Phillips,2012,4415
2951,Phillips,2013,4390
2952,Phillips,2014,4393
2953,Phillips,2015,4324
2954,Phillips,2016,4287
2955,Phillips,2017,4296
2956,Phillips,2018,4274
2957,Phillips,2019,4280
2958,Phillips,2020,4253
2959,Phillips,2021,4230
2960,Phillips,2022,4226
2961,Phillips,2023,4221
2962,Phillips,2024,4219
2963,Phillips,2025,4213
2964,Phillips,2026,4217
2965,Phillips,2027,4214
2966,Phillips,2028,4208
2967,Phillips,2029,4198
2968,Phillips,2030,4190
2969,Phillips,2031,4192
2970,Phillips,2032,4175
2971,Phillips,2033,4167
2972,Phillips,2034,4161
2973,Phillips,2035,4155
2974,Phillips,2036,4141
2975,Phillips,2037,4144
2976,Phillips,2038,4137
2977,Phillips,2039,4122
2978,Phillips,2040,4118
2979,Phillips,2041,4107
2980,Phillips,2042,4103
2981,Phillips,2043,4097
2982,Phillips,2044,4095
2983,Phillips,2045,4082
2984,Phillips,2046,4080
2985,Phillips,2047,4065
2986,Phillips,2048,4070
2987,Phillips,2049,4064
2988,Phillips,2050,4067
2989,Pitkin,1990,12661
2990,Pitkin,1991,12984
2991,Pitkin,1992,13365
2992,Pitkin,1993,14060
2993,Pitkin,1994,14539
2994,Pitkin,1995,14652
2995,Pitkin,1996,14548
2996,Pitkin,1997,14796
2997,Pitkin,1998,14777
2998,Pitkin,1999,14827
2999,Pitkin,2000,15763
3000,Pitkin,2001,16183
3001,Pitkin,2002,16102
3002,Pitkin,2003,16275
3003,Pitkin,2004,16077
3004,Pitkin,2005,16134
3005,Pitkin,2006,16087
3006,Pitkin,2007,16235
3007,Pitkin,2008,16674
3008,Pitkin,2009,17056
3009,Pitkin,2010,17156
3010,Pitkin,2011,17178
3011,Pitkin,2012,17295
3012,Pitkin,2013,17471
3013,Pitkin,2014,17717
3014,Pitkin,2015,17947
3015,Pitkin,2016,17974
3016,Pitkin,2017,17974
3017,Pitkin,2018,17949
3018,Pitkin,2019,17758
3019,Pitkin,2020,17612
3020,Pitkin,2021,17526
3021,Pitkin,2022,17518
3022,Pitkin,2023,17520
3023,Pitkin,2024,17537
3024,Pitkin,2025,17563
3025,Pitkin,2026,17638
3026,Pitkin,2027,17683
3027,Pitkin,2028,17726
3028,Pitkin,2029,17759
3029,Pitkin,2030,17805
3030,Pitkin,2031,17841
3031,Pitkin,2032,17886
3032,Pitkin,2033,17941
3033,Pitkin,2034,17999
3034,Pitkin,2035,18050
3035,Pitkin,2036,18092
3036,Pitkin,2037,18125
3037,Pitkin,2038,18150
3038,Pitkin,2039,18178
3039,Pitkin,2040,18207
3040,Pitkin,2041,18243
3041,Pitkin,2042,18271
3042,Pitkin,2043,18301
3043,Pitkin,2044,18343
3044,Pitkin,2045,18373
3045,Pitkin,2046,18419
3046,Pitkin,2047,18457
3047,Pitkin,2048,18490
3048,Pitkin,2049,18539
3049,Pitkin,2050,18586
3050,Prowers,1990,13240
3051,Prowers,1991,12961
3052,Prowers,1992,13102
3053,Prowers,1993,13420
3054,Prowers,1994,13693
3055,Prowers,1995,13822
3056,Prowers,1996,14009
3057,Prowers,1997,14118
3058,Prowers,1998,14223
3059,Prowers,1999,14372
3060,Prowers,2000,14452
3061,Prowers,2001,14106
3062,Prowers,2002,14006
3063,Prowers,2003,13824
3064,Prowers,2004,13659
3065,Prowers,2005,13509
3066,Prowers,2006,13210
3067,Prowers,2007,12777
3068,Prowers,2008,12687
3069,Prowers,2009,12577
3070,Prowers,2010,12531
3071,Prowers,2011,12491
3072,Prowers,2012,12407
3073,Prowers,2013,12309
3074,Prowers,2014,12054
3075,Prowers,2015,11931
3076,Prowers,2016,11933
3077,Prowers,2017,11987
3078,Prowers,2018,12045
3079,Prowers,2019,12121
3080,Prowers,2020,12097
3081,Prowers,2021,12043
3082,Prowers,2022,12004
3083,Prowers,2023,11977
3084,Prowers,2024,11942
3085,Prowers,2025,11911
3086,Prowers,2026,11888
3087,Prowers,2027,11865
3088,Prowers,2028,11854
3089,Prowers,2029,11832
3090,Prowers,2030,11805
3091,Prowers,2031,11788
3092,Prowers,2032,11762
3093,Prowers,2033,11738
3094,Prowers,2034,11716
3095,Prowers,2035,11697
3096,Prowers,2036,11668
3097,Prowers,2037,11645
3098,Prowers,2038,11619
3099,Prowers,2039,11590
3100,Prowers,2040,11568
3101,Prowers,2041,11547
3102,Prowers,2042,11523
3103,Prowers,2043,11497
3104,Prowers,2044,11470
3105,Prowers,2045,11445
3106,Prowers,2046,11414
3107,Prowers,2047,11389
3108,Prowers,2048,11352
3109,Prowers,2049,11322
3110,Prowers,2050,11294
3111,Pueblo,1990,122886
3112,Pueblo,1991,123482
3113,Pueblo,1992,124412
3114,Pueblo,1993,126356
3115,Pueblo,1994,128721
3116,Pueblo,1995,130831
3117,Pueblo,1996,132502
3118,Pueblo,1997,134794
3119,Pueblo,1998,137381
3120,Pueblo,1999,139718
3121,Pueblo,2000,141854
3122,Pueblo,2001,143993
3123,Pueblo,2002,146482
3124,Pueblo,2003,147967
3125,Pueblo,2004,148721
3126,Pueblo,2005,149974
3127,Pueblo,2006,152061
3128,Pueblo,2007,154759
3129,Pueblo,2008,156250
3130,Pueblo,2009,157323
3131,Pueblo,2010,159496
3132,Pueblo,2011,159902
3133,Pueblo,2012,160433
3134,Pueblo,2013,160725
3135,Pueblo,2014,161081
3136,Pueblo,2015,162723
3137,Pueblo,2016,164457
3138,Pueblo,2017,165963
3139,Pueblo,2018,167129
3140,Pueblo,2019,168109
3141,Pueblo,2020,168721
3142,Pueblo,2021,169151
3143,Pueblo,2022,169732
3144,Pueblo,2023,170571
3145,Pueblo,2024,171573
3146,Pueblo,2025,172792
3147,Pueblo,2026,174561
3148,Pueblo,2027,176393
3149,Pueblo,2028,178232
3150,Pueblo,2029,180070
3151,Pueblo,2030,181801
3152,Pueblo,2031,183534
3153,Pueblo,2032,185241
3154,Pueblo,2033,186926
3155,Pueblo,2034,188577
3156,Pueblo,2035,190214
3157,Pueblo,2036,191811
3158,Pueblo,2037,193383
3159,Pueblo,2038,194931
3160,Pueblo,2039,196452
3161,Pueblo,2040,197959
3162,Pueblo,2041,199435
3163,Pueblo,2042,200888
3164,Pueblo,2043,202309
3165,Pueblo,2044,203710
3166,Pueblo,2045,205087
3167,Pueblo,2046,206436
3168,Pueblo,2047,207755
3169,Pueblo,2048,209068
3170,Pueblo,2049,210357
3171,Pueblo,2050,211641
3172,Rio Blanco,1990,6063
3173,Rio Blanco,1991,6024
3174,Rio Blanco,1992,6177
3175,Rio Blanco,1993,6261
3176,Rio Blanco,1994,6318
3177,Rio Blanco,1995,6400
3178,Rio Blanco,1996,6342
3179,Rio Blanco,1997,6320
3180,Rio Blanco,1998,6230
3181,Rio Blanco,1999,6093
3182,Rio Blanco,2000,5967
3183,Rio Blanco,2001,5880
3184,Rio Blanco,2002,5936
3185,Rio Blanco,2003,5854
3186,Rio Blanco,2004,5903
3187,Rio Blanco,2005,5820
3188,Rio Blanco,2006,5978
3189,Rio Blanco,2007,6090
3190,Rio Blanco,2008,6161
3191,Rio Blanco,2009,6316
3192,Rio Blanco,2010,6617
3193,Rio Blanco,2011,6738
3194,Rio Blanco,2012,6761
3195,Rio Blanco,2013,6702
3196,Rio Blanco,2014,6595
3197,Rio Blanco,2015,6481
3198,Rio Blanco,2016,6434
3199,Rio Blanco,2017,6354
3200,Rio Blanco,2018,6334
3201,Rio Blanco,2019,6303
3202,Rio Blanco,2020,6268
3203,Rio Blanco,2021,6247
3204,Rio Blanco,2022,6234
3205,Rio Blanco,2023,6222
3206,Rio Blanco,2024,6209
3207,Rio Blanco,2025,6192
3208,Rio Blanco,2026,6183
3209,Rio Blanco,2027,6169
3210,Rio Blanco,2028,6164
3211,Rio Blanco,2029,6147
3212,Rio Blanco,2030,6144
3213,Rio Blanco,2031,6112
3214,Rio Blanco,2032,6085
3215,Rio Blanco,2033,6059
3216,Rio Blanco,2034,6033
3217,Rio Blanco,2035,6012
3218,Rio Blanco,2036,5982
3219,Rio Blanco,2037,5961
3220,Rio Blanco,2038,5951
3221,Rio Blanco,2039,5927
3222,Rio Blanco,2040,5911
3223,Rio Blanco,2041,5893
3224,Rio Blanco,2042,5872
3225,Rio Blanco,2043,5850
3226,Rio Blanco,2044,5832
3227,Rio Blanco,2045,5822
3228,Rio Blanco,2046,5803
3229,Rio Blanco,2047,5784
3230,Rio Blanco,2048,5768
3231,Rio Blanco,2049,5753
3232,Rio Blanco,2050,5736
3233,Rio Grande,1990,10770
3234,Rio Grande,1991,10842
3235,Rio Grande,1992,10944
3236,Rio Grande,1993,11210
3237,Rio Grande,1994,11466
3238,Rio Grande,1995,11695
3239,Rio Grande,1996,11822
3240,Rio Grande,1997,11968
3241,Rio Grande,1998,12117
3242,Rio Grande,1999,12288
3243,Rio Grande,2000,12429
3244,Rio Grande,2001,12404
3245,Rio Grande,2002,12407
3246,Rio Grande,2003,12622
3247,Rio Grande,2004,12830
3248,Rio Grande,2005,12695
3249,Rio Grande,2006,12432
3250,Rio Grande,2007,12166
3251,Rio Grande,2008,12106
3252,Rio Grande,2009,11996
3253,Rio Grande,2010,12001
3254,Rio Grande,2011,11897
3255,Rio Grande,2012,11845
3256,Rio Grande,2013,11664
3257,Rio Grande,2014,11494
3258,Rio Grande,2015,11334
3259,Rio Grande,2016,11334
3260,Rio Grande,2017,11282
3261,Rio Grande,2018,11234
3262,Rio Grande,2019,11238
3263,Rio Grande,2020,11149
3264,Rio Grande,2021,11079
3265,Rio Grande,2022,11075
3266,Rio Grande,2023,11081
3267,Rio Grande,2024,11078
3268,Rio Grande,2025,11111
3269,Rio Grande,2026,11147
3270,Rio Grande,2027,11140
3271,Rio Grande,2028,11127
3272,Rio Grande,2029,11120
3273,Rio Grande,2030,11104
3274,Rio Grande,2031,11089
3275,Rio Grande,2032,11078
3276,Rio Grande,2033,11062
3277,Rio Grande,2034,11048
3278,Rio Grande,2035,11035
3279,Rio Grande,2036,11024
3280,Rio Grande,2037,11013
3281,Rio Grande,2038,10998
3282,Rio Grande,2039,10990
3283,Rio Grande,2040,10979
3284,Rio Grande,2041,10969
3285,Rio Grande,2042,10954
3286,Rio Grande,2043,10946
3287,Rio Grande,2044,10938
3288,Rio Grande,2045,10924
3289,Rio Grande,2046,10909
3290,Rio Grande,2047,10903
3291,Rio Grande,2048,10889
3292,Rio Grande,2049,10877
3293,Rio Grande,2050,10869
3294,Routt,1990,14169
3295,Routt,1991,14729
3296,Routt,1992,15153
3297,Routt,1993,15925
3298,Routt,1994,16619
3299,Routt,1995,17257
3300,Routt,1996,17719
3301,Routt,1997,18119
3302,Routt,1998,18605
3303,Routt,1999,19232
3304,Routt,2000,20122
3305,Routt,2001,20430
3306,Routt,2002,20893
3307,Routt,2003,21125
3308,Routt,2004,21292
3309,Routt,2005,21456
3310,Routt,2006,21889
3311,Routt,2007,22410
3312,Routt,2008,22934
3313,Routt,2009,23325
3314,Routt,2010,23439
3315,Routt,2011,23259
3316,Routt,2012,23272
3317,Routt,2013,23602
3318,Routt,2014,24075
3319,Routt,2015,24372
3320,Routt,2016,24715
3321,Routt,2017,25188
3322,Routt,2018,25505
3323,Routt,2019,25651
3324,Routt,2020,25953
3325,Routt,2021,26097
3326,Routt,2022,26411
3327,Routt,2023,26774
3328,Routt,2024,27268
3329,Routt,2025,27871
3330,Routt,2026,28520
3331,Routt,2027,29131
3332,Routt,2028,29736
3333,Routt,2029,30321
3334,Routt,2030,30910
3335,Routt,2031,31494
3336,Routt,2032,32074
3337,Routt,2033,32654
3338,Routt,2034,33219
3339,Routt,2035,33773
3340,Routt,2036,34313
3341,Routt,2037,34835
3342,Routt,2038,35355
3343,Routt,2039,35861
3344,Routt,2040,36352
3345,Routt,2041,36836
3346,Routt,2042,37321
3347,Routt,2043,37792
3348,Routt,2044,38274
3349,Routt,2045,38744
3350,Routt,2046,39192
3351,Routt,2047,39668
3352,Routt,2048,40122
3353,Routt,2049,40574
3354,Routt,2050,41031
3355,Saguache,1990,4619
3356,Saguache,1991,4735
3357,Saguache,1992,4796
3358,Saguache,1993,4831
3359,Saguache,1994,4943
3360,Saguache,1995,5273
3361,Saguache,1996,5426
3362,Saguache,1997,5492
3363,Saguache,1998,5564
3364,Saguache,1999,5772
3365,Saguache,2000,5982
3366,Saguache,2001,6080
3367,Saguache,2002,6244
3368,Saguache,2003,6281
3369,Saguache,2004,6242
3370,Saguache,2005,6286
3371,Saguache,2006,6242
3372,Saguache,2007,6153
3373,Saguache,2008,6181
3374,Saguache,2009,6128
3375,Saguache,2010,6144
3376,Saguache,2011,6198
3377,Saguache,2012,6346
3378,Saguache,2013,6254
3379,Saguache,2014,6210
3380,Saguache,2015,6268
3381,Saguache,2016,6427
3382,Saguache,2017,6649
3383,Saguache,2018,6855
3384,Saguache,2019,6825
3385,Saguache,2020,6815
3386,Saguache,2021,6839
3387,Saguache,2022,6851
3388,Saguache,2023,6865
3389,Saguache,2024,6882
3390,Saguache,2025,6888
3391,Saguache,2026,6898
3392,Saguache,2027,6917
3393,Saguache,2028,6929
3394,Saguache,2029,6944
3395,Saguache,2030,6955
3396,Saguache,2031,6975
3397,Saguache,2032,6993
3398,Saguache,2033,7004
3399,Saguache,2034,7023
3400,Saguache,2035,7037
3401,Saguache,2036,7060
3402,Saguache,2037,7075
3403,Saguache,2038,7094
3404,Saguache,2039,7105
3405,Saguache,2040,7124
3406,Saguache,2041,7142
3407,Saguache,2042,7160
3408,Saguache,2043,7178
3409,Saguache,2044,7190
3410,Saguache,2045,7211
3411,Saguache,2046,7219
3412,Saguache,2047,7241
3413,Saguache,2048,7252
3414,Saguache,2049,7271
3415,Saguache,2050,7287
3416,San Juan,1990,745
3417,San Juan,1991,703
3418,San Juan,1992,575
3419,San Juan,1993,541
3420,San Juan,1994,558
3421,San Juan,1995,581
3422,San Juan,1996,591
3423,San Juan,1997,572
3424,San Juan,1998,552
3425,San Juan,1999,552
3426,San Juan,2000,574
3427,San Juan,2001,568
3428,San Juan,2002,599
3429,San Juan,2003,612
3430,San Juan,2004,634
3431,San Juan,2005,647
3432,San Juan,2006,673
3433,San Juan,2007,689
3434,San Juan,2008,700
3435,San Juan,2009,681
3436,San Juan,2010,709
3437,San Juan,2011,695
3438,San Juan,2012,695
3439,San Juan,2013,696
3440,San Juan,2014,707
3441,San Juan,2015,692
3442,San Juan,2016,682
3443,San Juan,2017,712
3444,San Juan,2018,761
3445,San Juan,2019,732
3446,San Juan,2020,724
3447,San Juan,2021,721
3448,San Juan,2022,721
3449,San Juan,2023,717
3450,San Juan,2024,718
3451,San Juan,2025,722
3452,San Juan,2026,722
3453,San Juan,2027,721
3454,San Juan,2028,719
3455,San Juan,2029,721
3456,San Juan,2030,718
3457,San Juan,2031,718
3458,San Juan,2032,719
3459,San Juan,2033,717
3460,San Juan,2034,722
3461,San Juan,2035,721
3462,San Juan,2036,723
3463,San Juan,2037,726
3464,San Juan,2038,727
3465,San Juan,2039,724
3466,San Juan,2040,726
3467,San Juan,2041,735
3468,San Juan,2042,737
3469,San Juan,2043,730
3470,San Juan,2044,727
3471,San Juan,2045,735
3472,San Juan,2046,736
3473,San Juan,2047,741
3474,San Juan,2048,746
3475,San Juan,2049,745
3476,San Juan,2050,743
3477,San Miguel,1990,3723
3478,San Miguel,1991,4124
3479,San Miguel,1992,4563
3480,San Miguel,1993,4869
3481,San Miguel,1994,5308
3482,San Miguel,1995,5489
3483,San Miguel,1996,5798
3484,San Miguel,1997,5952
3485,San Miguel,1998,6452
3486,San Miguel,1999,6531
3487,San Miguel,2000,6614
3488,San Miguel,2001,6901
3489,San Miguel,2002,7040
3490,San Miguel,2003,7013
3491,San Miguel,2004,7024
3492,San Miguel,2005,7045
3493,San Miguel,2006,7057
3494,San Miguel,2007,7276
3495,San Miguel,2008,7306
3496,San Miguel,2009,7271
3497,San Miguel,2010,7356
3498,San Miguel,2011,7490
3499,San Miguel,2012,7578
3500,San Miguel,2013,7626
3501,San Miguel,2014,7736
3502,San Miguel,2015,7842
3503,San Miguel,2016,8013
3504,San Miguel,2017,8039
3505,San Miguel,2018,8176
3506,San Miguel,2019,8175
3507,San Miguel,2020,8298
3508,San Miguel,2021,8384
3509,San Miguel,2022,8496
3510,San Miguel,2023,8641
3511,San Miguel,2024,8803
3512,San Miguel,2025,8966
3513,San Miguel,2026,9168
3514,San Miguel,2027,9375
3515,San Miguel,2028,9583
3516,San Miguel,2029,9779
3517,San Miguel,2030,9981
3518,San Miguel,2031,10180
3519,San Miguel,2032,10382
3520,San Miguel,2033,10583
3521,San Miguel,2034,10784
3522,San Miguel,2035,10975
3523,San Miguel,2036,11171
3524,San Miguel,2037,11367
3525,San Miguel,2038,11565
3526,San Miguel,2039,11757
3527,San Miguel,2040,11947
3528,San Miguel,2041,12131
3529,San Miguel,2042,12314
3530,San Miguel,2043,12490
3531,San Miguel,2044,12652
3532,San Miguel,2045,12809
3533,San Miguel,2046,12959
3534,San Miguel,2047,13116
3535,San Miguel,2048,13274
3536,San Miguel,2049,13418
3537,San Miguel,2050,13565
3538,Sedgwick,1990,2690
3539,Sedgwick,1991,2668
3540,Sedgwick,1992,2633
3541,Sedgwick,1993,2650
3542,Sedgwick,1994,2660
3543,Sedgwick,1995,2652
3544,Sedgwick,1996,2681
3545,Sedgwick,1997,2730
3546,Sedgwick,1998,2679
3547,Sedgwick,1999,2718
3548,Sedgwick,2000,2742
3549,Sedgwick,2001,2694
3550,Sedgwick,2002,2691
3551,Sedgwick,2003,2715
3552,Sedgwick,2004,2610
3553,Sedgwick,2005,2575
3554,Sedgwick,2006,2510
3555,Sedgwick,2007,2425
3556,Sedgwick,2008,2422
3557,Sedgwick,2009,2379
3558,Sedgwick,2010,2367
3559,Sedgwick,2011,2364
3560,Sedgwick,2012,2375
3561,Sedgwick,2013,2339
3562,Sedgwick,2014,2326
3563,Sedgwick,2015,2372
3564,Sedgwick,2016,2399
3565,Sedgwick,2017,2315
3566,Sedgwick,2018,2267
3567,Sedgwick,2019,2230
3568,Sedgwick,2020,2222
3569,Sedgwick,2021,2208
3570,Sedgwick,2022,2210
3571,Sedgwick,2023,2216
3572,Sedgwick,2024,2230
3573,Sedgwick,2025,2239
3574,Sedgwick,2026,2258
3575,Sedgwick,2027,2246
3576,Sedgwick,2028,2235
3577,Sedgwick,2029,2231
3578,Sedgwick,2030,2216
3579,Sedgwick,2031,2212
3580,Sedgwick,2032,2208
3581,Sedgwick,2033,2197
3582,Sedgwick,2034,2184
3583,Sedgwick,2035,2178
3584,Sedgwick,2036,2172
3585,Sedgwick,2037,2168
3586,Sedgwick,2038,2161
3587,Sedgwick,2039,2151
3588,Sedgwick,2040,2142
3589,Sedgwick,2041,2142
3590,Sedgwick,2042,2136
3591,Sedgwick,2043,2133
3592,Sedgwick,2044,2128
3593,Sedgwick,2045,2130
3594,Sedgwick,2046,2119
3595,Sedgwick,2047,2119
3596,Sedgwick,2048,2111
3597,Sedgwick,2049,2113
3598,Sedgwick,2050,2105
3599,Summit,1990,12926
3600,Summit,1991,13469
3601,Summit,1992,13845
3602,Summit,1993,15189
3603,Summit,1994,17107
3604,Summit,1995,18274
3605,Summit,1996,19396
3606,Summit,1997,20352
3607,Summit,1998,21285
3608,Summit,1999,22568
3609,Summit,2000,25708
3610,Summit,2001,26290
3611,Summit,2002,26514
3612,Summit,2003,26707
3613,Summit,2004,26705
3614,Summit,2005,26621
3615,Summit,2006,26837
3616,Summit,2007,27168
3617,Summit,2008,27463
3618,Summit,2009,27780
3619,Summit,2010,28073
3620,Summit,2011,28042
3621,Summit,2012,28298
3622,Summit,2013,28731
3623,Summit,2014,29323
3624,Summit,2015,30044
3625,Summit,2016,30569
3626,Summit,2017,30832
3627,Summit,2018,30816
3628,Summit,2019,30988
3629,Summit,2020,31154
3630,Summit,2021,31144
3631,Summit,2022,31331
3632,Summit,2023,31600
3633,Summit,2024,31901
3634,Summit,2025,32228
3635,Summit,2026,32645
3636,Summit,2027,33156
3637,Summit,2028,33624
3638,Summit,2029,34038
3639,Summit,2030,34444
3640,Summit,2031,34858
3641,Summit,2032,35264
3642,Summit,2033,35662
3643,Summit,2034,36060
3644,Summit,2035,36444
3645,Summit,2036,36844
3646,Summit,2037,37250
3647,Summit,2038,37657
3648,Summit,2039,38057
3649,Summit,2040,38443
3650,Summit,2041,38842
3651,Summit,2042,39225
3652,Summit,2043,39622
3653,Summit,2044,40004
3654,Summit,2045,40397
3655,Summit,2046,40786
3656,Summit,2047,41175
3657,Summit,2048,41566
3658,Summit,2049,41949
3659,Summit,2050,42325
3660,Teller,1990,12471
3661,Teller,1991,12717
3662,Teller,1992,13673
3663,Teller,1993,14734
3664,Teller,1994,15786
3665,Teller,1995,16979
3666,Teller,1996,18134
3667,Teller,1997,19069
3668,Teller,1998,19671
3669,Teller,1999,20184
3670,Teller,2000,21067
3671,Teller,2001,21737
3672,Teller,2002,21988
3673,Teller,2003,22220
3674,Teller,2004,22215
3675,Teller,2005,22507
3676,Teller,2006,22791
3677,Teller,2007,23167
3678,Teller,2008,23103
3679,Teller,2009,23201
3680,Teller,2010,23441
3681,Teller,2011,23333
3682,Teller,2012,23415
3683,Teller,2013,23323
3684,Teller,2014,23404
3685,Teller,2015,23359
3686,Teller,2016,24027
3687,Teller,2017,24647
3688,Teller,2018,25097
3689,Teller,2019,25358
3690,Teller,2020,25482
3691,Teller,2021,25588
3692,Teller,2022,25852
3693,Teller,2023,26126
3694,Teller,2024,26424
3695,Teller,2025,26698
3696,Teller,2026,26934
3697,Teller,2027,27122
3698,Teller,2028,27296
3699,Teller,2029,27467
3700,Teller,2030,27624
3701,Teller,2031,27780
3702,Teller,2032,27934
3703,Teller,2033,28077
3704,Teller,2034,28224
3705,Teller,2035,28359
3706,Teller,2036,28495
3707,Teller,2037,28615
3708,Teller,2038,28734
3709,Teller,2039,28845
3710,Teller,2040,28965
3711,Teller,2041,29085
3712,Teller,2042,29198
3713,Teller,2043,29315
3714,Teller,2044,29424
3715,Teller,2045,29541
3716,Teller,2046,29662
3717,Teller,2047,29777
3718,Teller,2048,29894
3719,Teller,2049,30019
3720,Teller,2050,30132
3721,Washington,1990,4812
3722,Washington,1991,4784
3723,Washington,1992,4892
3724,Washington,1993,5139
3725,Washington,1994,5220
3726,Washington,1995,5236
3727,Washington,1996,5224
3728,Washington,1997,5214
3729,Washington,1998,5155
3730,Washington,1999,5022
3731,Washington,2000,4942
3732,Washington,2001,4895
3733,Washington,2002,5255
3734,Washington,2003,5141
3735,Washington,2004,5061
3736,Washington,2005,4997
3737,Washington,2006,4981
3738,Washington,2007,4925
3739,Washington,2008,4802
3740,Washington,2009,4777
3741,Washington,2010,4815
3742,Washington,2011,4600
3743,Washington,2012,4536
3744,Washington,2013,4578
3745,Washington,2014,4567
3746,Washington,2015,4620
3747,Washington,2016,4670
3748,Washington,2017,4756
3749,Washington,2018,4722
3750,Washington,2019,4744
3751,Washington,2020,4733
3752,Washington,2021,4707
3753,Washington,2022,4737
3754,Washington,2023,4775
3755,Washington,2024,4801
3756,Washington,2025,4846
3757,Washington,2026,4888
3758,Washington,2027,4884
3759,Washington,2028,4893
3760,Washington,2029,4902
3761,Washington,2030,4905
3762,Washington,2031,4904
3763,Washington,2032,4897
3764,Washington,2033,4879
3765,Washington,2034,4849
3766,Washington,2035,4832
3767,Washington,2036,4809
3768,Washington,2037,4775
3769,Washington,2038,4739
3770,Washington,2039,4720
3771,Washington,2040,4686
3772,Washington,2041,4661
3773,Washington,2042,4629
3774,Washington,2043,4609
3775,Washington,2044,4584
3776,Washington,2045,4557
3777,Washington,2046,4528
3778,Washington,2047,4508
3779,Washington,2048,4480
3780,Washington,2049,4458
3781,Washington,2050,4431
3782,Weld,1990,131964
3783,Weld,1991,135739
3784,Weld,1992,140128
3785,Weld,1993,145779
3786,Weld,1994,151375
3787,Weld,1995,157174
3788,Weld,1996,161805
3789,Weld,1997,166839
3790,Weld,1998,172393
3791,Weld,1999,177267
3792,Weld,2000,183074
3793,Weld,2001,192478
3794,Weld,2002,198974
3795,Weld,2003,207156
3796,Weld,2004,214065
3797,Weld,2005,223431
3798,Weld,2006,231284
3799,Weld,2007,238279
3800,Weld,2008,244115
3801,Weld,2009,248959
3802,Weld,2010,254230
3803,Weld,2011,258836
3804,Weld,2012,264131
3805,Weld,2013,270164
3806,Weld,2014,276050
3807,Weld,2015,285029
3808,Weld,2016,294867
3809,Weld,2017,305094
3810,Weld,2018,314166
3811,Weld,2019,323762
3812,Weld,2020,331893
3813,Weld,2021,338545
3814,Weld,2022,346050
3815,Weld,2023,354037
3816,Weld,2024,361782
3817,Weld,2025,370008
3818,Weld,2026,381005
3819,Weld,2027,392021
3820,Weld,2028,403612
3821,Weld,2029,414607
3822,Weld,2030,425998
3823,Weld,2031,437890
3824,Weld,2032,450100
3825,Weld,2033,462395
3826,Weld,2034,474765
3827,Weld,2035,487195
3828,Weld,2036,499682
3829,Weld,2037,512231
3830,Weld,2038,524835
3831,Weld,2039,537481
3832,Weld,2040,550176
3833,Weld,2041,562922
3834,Weld,2042,575690
3835,Weld,2043,588485
3836,Weld,2044,601295
3837,Weld,2045,614124
3838,Weld,2046,626975
3839,Weld,2047,639849
3840,Weld,2048,652736
3841,Weld,2049,665654
3842,Weld,2050,678613
3843,Yuma,1990,8954
3844,Yuma,1991,9007
3845,Yuma,1992,9008
3846,Yuma,1993,9172
3847,Yuma,1994,9278
3848,Yuma,1995,9446
3849,Yuma,1996,9521
3850,Yuma,1997,9655
3851,Yuma,1998,9806
3852,Yuma,1999,9818
3853,Yuma,2000,9815
3854,Yuma,2001,9833
3855,Yuma,2002,9949
3856,Yuma,2003,10093
3857,Yuma,2004,9887
3858,Yuma,2005,9891
3859,Yuma,2006,9919
3860,Yuma,2007,9882
3861,Yuma,2008,9895
3862,Yuma,2009,10032
3863,Yuma,2010,10032
3864,Yuma,2011,10115
3865,Yuma,2012,10086
3866,Yuma,2013,10157
3867,Yuma,2014,10200
3868,Yuma,2015,10059
3869,Yuma,2016,10077
3870,Yuma,2017,9997
3871,Yuma,2018,9969
3872,Yuma,2019,10064
3873,Yuma,2020,10112
3874,Yuma,2021,10113
3875,Yuma,2022,10158
3876,Yuma,2023,10186
3877,Yuma,2024,10237
3878,Yuma,2025,10278
3879,Yuma,2026,10345
3880,Yuma,2027,10409
3881,Yuma,2028,10482
3882,Yuma,2029,10502
3883,Yuma,2030,10520
3884,Yuma,2031,10541
3885,Yuma,2032,10558
3886,Yuma,2033,10588
3887,Yuma,2034,10602
3888,Yuma,2035,10635
3889,Yuma,2036,10659
3890,Yuma,2037,10688
3891,Yuma,2038,10707
3892,Yuma,2039,10730
3893,Yuma,2040,10746
3894,Yuma,2041,10760
3895,Yuma,2042,10774
3896,Yuma,2043,10785
3897,Yuma,2044,10798
3898,Yuma,2045,10807
3899,Yuma,2046,10818
3900,Yuma,2047,10823
3901,Yuma,2048,10832
3902,Yuma,2049,10835
3903,Yuma,2050,10852
